[{"model": "shop.siteassets", "pk": 1, "fields": {"site_assets_name": "logo", "image": "site_assets/logo.png", "is_active": true, "description": "логотип", "note": "изменение логотипа"}}, {"model": "shop.siteassets", "pk": 2, "fields": {"site_assets_name": "logo_text", "image": "", "is_active": true, "description": "Студия  Наталии Румянцевой", "note": "изменение текста логотипа"}}, {"model": "shop.siteassets", "pk": 3, "fields": {"site_assets_name": "slogan", "image": "", "is_active": true, "description": "<pre class=\"slogan\">\r\nРОСКОШНЫЕ\r\n        ИСКУССТВЕННЫЕ \r\n                      ВОЛОСЫ\r\n</pre>", "note": "ПРЕМИУМ КЛАССА"}}, {"model": "shop.siteassets", "pk": 4, "fields": {"site_assets_name": "Премиум качество", "image": "", "is_active": true, "description": "Используем только высококачественные материалы, которые выглядят естественно и служат долго.", "note": "advantages"}}, {"model": "shop.siteassets", "pk": 5, "fields": {"site_assets_name": "Ассортимент", "image": "", "is_active": true, "description": "Более 50 оттенков на любой вкус. Поможем подобрать идеальный цвет под ваш образ.", "note": "advantages"}}, {"model": "shop.siteassets", "pk": 6, "fields": {"site_assets_name": "Легкость ухода", "image": "", "is_active": true, "description": "Наши волосы не требуют сложного ухода. Они сохраняют форму и цвет после многократного использования.", "note": "advantages"}}, {"model": "shop.siteassets", "pk": 7, "fields": {"site_assets_name": "4.6 ⭐", "image": "", "is_active": true, "description": "66701 отзывов на WB", "note": "advantages"}}, {"model": "shop.category", "pk": 4, "fields": {"name": "Волосы для наращивания", "slug": "volosy-dlya-narashivaniya", "description": "", "image": "categories/52.png", "is_active": true, "created_at": "2026-02-03T11:04:23.245Z", "updated_at": "2026-02-13T04:08:08.535Z"}}, {"model": "shop.category", "pk": 5, "fields": {"name": "Канекалон", "slug": "kanekalon", "description": "Здесь можно чего-нибудь коротко написать, а можно и не писать", "image": "categories/11.png", "is_active": true, "created_at": "2026-02-03T11:13:54.687Z", "updated_at": "2026-02-08T09:35:33.952Z"}}, {"model": "shop.category", "pk": 7, "fields": {"name": "Ободки", "slug": "obodki", "description": "", "image": "categories/13.png", "is_active": true, "created_at": "2026-02-03T11:21:32.541Z", "updated_at": "2026-02-03T11:21:32.541Z"}}, {"model": "shop.category", "pk": 8, "fields": {"name": "Резинки", "slug": "rezinki", "description": "Здесь можно чего-нибудь коротко написать, а можно и не писать", "image": "categories/14.png", "is_active": true, "created_at": "2026-02-03T11:24:48.843Z", "updated_at": "2026-02-08T09:35:24.824Z"}}, {"model": "shop.category", "pk": 9, "fields": {"name": "Парики", "slug": "pariki", "description": "", "image": "categories/21.png", "is_active": true, "created_at": "2026-02-04T01:41:22.422Z", "updated_at": "2026-02-04T01:41:22.422Z"}}, {"model": "shop.category", "pk": 10, "fields": {"name": "Шиньоны", "slug": "shinony", "description": "Качественные шиньоны из современных материалов", "image": "categories/51.png", "is_active": true, "created_at": "2026-02-04T01:41:41.669Z", "updated_at": "2026-02-13T04:07:50.293Z"}}, {"model": "shop.productseries", "pk": 1, "fields": {"name": "Хвост на резинке", "note_for_manager": "Хвост на резинке из товаров от 20.03", "slug": "hvost-na-rezinke", "description": "Хвост из канекалона. Материал не термостойкий, поэтому накручивать его не рекомендуем, но поддается выпрямлению отпаривателем. Материал шелковистый, по внешнему виду напоминает натуральные волосы. Вес хвоста 70 (+-5гр), длина 40 см (+-2см). хвост предназначен для подростков и взрослых. Прекрасно подойдет на подарок подруге или маме. Хвост можно крепить неоднократно. Утром спите на час дольше, так как не требуется мыть ежедневно голову. Длинный волос никогда не выйдет из моды и вы сможете носить желаемый цвет волос без окрашиваний и вреда. В течении дня хвост нужно расчесывать несколько раз. Из хвоста можно делать прически: косу, несколько кос в хвосте, шишку и тд. К товару приложена карточка, в ней указан адрес по которому вы можете получить видео урок по креплению. Приятных покупок!", "hair_length": "40см", "hair_width": "", "hair_material": "Канекалон 100%", "number_of_strands": "6 шт", "hair_extension_method": "на резинке", "hair_type": "искусственные волосы", "country_of_origin": "Россия", "kit": "Хвост-1шт,сетка-1шт,шпильки-20шт,невидимки-4шт,канцелярские резинки-5шт,подарок-1шт", "decoration": "", "package": "80г", "created_at": "2026-03-27T04:48:07.143Z", "updated_at": "2026-03-27T04:48:07.143Z", "category": [5, 4]}}, {"model": "shop.productseries", "pk": 2, "fields": {"name": "Волосы для наращивания", "note_for_manager": "Волосы для наращивания из серии на липучке", "slug": "volosy-dlya-narashivaniya", "description": "ГУСТЫЕ ВОЛОСЫ ЗА 5 МИНУТ !!\r\nС набором БИОЛЕНТ от нас Вы сможете самостоятельно дома нарастить/загустить волосы. Бионаращивание термоволокном - это бюджетная и экономичная альтернатива натуральным волосам. Залентированы по специальной технологии!\r\n\r\nРЕКОМЕНДАЦИИ: крепление только на вымытый сухой волос; использовать шампунь без масел; наносить бальзамы и маски только на длину, не задевая место крепления и корни волос; сушить не горячим воздухом на местах крепления ( чтобы клеевая основа не потекла); выпрямлять утюжком на температурах 160 градусов.\r\nСрок носки 1,5-2 месяца. Липкий слой на лентах с обеих сторон, ширина скотча 0,8 см. Ленты снимаются раствором на спиртовой основе.\r\nОтлично подходит для загущения висков, придания плотности среза, для удлинения волос только с филированными концами ( НЕ ПОДХОДИТ для наращивания с ровным срезом волос).\r\n\r\nТовар личного пользования. После покупки не возвратный. Проверяйте на пвз, при просмотре возврат можно сделать. Волосы в прозрачной упаковке.", "hair_length": "60см", "hair_width": "", "hair_material": "термоволокно", "number_of_strands": "", "hair_extension_method": "на липкой ленте", "hair_type": "", "country_of_origin": "Россия", "kit": "подарок; Биоленты 15шт по 1 см", "decoration": "", "package": "", "created_at": "2026-03-27T05:00:29.091Z", "updated_at": "2026-03-27T05:00:29.091Z", "category": [10, 4]}}, {"model": "shop.productseries", "pk": 3, "fields": {"name": "Хвост-коса на резинке французская", "note_for_manager": "серия 567   Хвост-коса на резинке французская", "slug": "hvost-kosa-na-rezinke-francuzskaya", "description": "Хвост-коса легкая и выглядит очень натурально! Обьем косы делаем вашу причёску густой и богатой! Видео урок по креплению можно получить написав нам по номеру телефона указанному в буклете! Приятных покупок! Если не нашли нужный оттенок, напишите нам в вопросах или в любую соцсеть по названию Бренда и мы расширим палитру.", "hair_length": "65см", "hair_width": "", "hair_material": "Канекалон", "number_of_strands": "4шт", "hair_extension_method": "на резинке", "hair_type": "канекалон", "country_of_origin": "Россия", "kit": "Шпильки 20шт, невидимки -4 шт, резинки5 шт, сетка1шт, подарок -1шт", "decoration": "", "package": "100гр", "created_at": "2026-03-28T05:39:22.090Z", "updated_at": "2026-03-28T05:39:22.090Z", "category": [8, 5]}}, {"model": "shop.productseries", "pk": 4, "fields": {"name": "Хвост на резинке", "note_for_manager": "Хвост на резинке -  80см серия", "slug": "hvost-na-rezinke", "description": "Хвост и канекалона на резинке. Материал не термостойкий, поэтому накручивать его не рекомендуем, но поддается выпрямлению отпаривателем. Материал шелковистый, по внешнему виду напоминает натуральные волосы. Вес хвоста 180гр (+-5гр), длина 80 см (+-2см). Хвост предназначен для подростков и взрослых. Прекрасно подойдет на подарок подруге или маме, можно крепить неоднократно. Утром спите на час дольше, так как не требуется мыть ежедневно голову. Длинный волос никогда не выйдет из моды и вы сможете носить желаемый цвет волос без окрашиваний и вреда. В течении дня нужно расчесывать несколько раз. Можно делать прически: косу, несколько кос в хвосте, шишку и тд.", "hair_length": "80см", "hair_width": "", "hair_material": "искусственный волос", "number_of_strands": "8 шт", "hair_extension_method": "на резинке", "hair_type": "искусственные волосы", "country_of_origin": "Россия", "kit": "Хвост-1шт.,резинки-5шт,сетка-1шт,шпильки-20шт,невидимки-5шт", "decoration": "", "package": "180гр", "created_at": "2026-03-28T06:33:37.602Z", "updated_at": "2026-03-28T06:33:37.602Z", "category": [5, 4]}}, {"model": "shop.productseries", "pk": 5, "fields": {"name": "Ободок с косой", "note_for_manager": "Ободок с косой - широкая серия", "slug": "obodok-s-kosoj", "description": "Ободок с косой прекрасное дополнение к образу! Плетение смотрится очень натурально. Материал имеет естественный блеск и натуральные оттенки. Толщина ободка повторяет плетение, если бы мы заплели вам косу из ваших волос. Никто и не догадается что это ободок. Мы готовы изготовить индивидуальный оттенок и расширить палитру ободков! Ищите нас в любой соцсети по названию Бренда : студия Наталии Румянцевой\r\nТак же в ассортименте посмотрите ободки с хвостами\r\nВ коробке 2 предмета : ободок и подарок. Так же есть буклет и надутый пакет для транспортировки. При отказе от товара должна сохранятся такая же комплектация.", "hair_length": "", "hair_width": "4см", "hair_material": "Канекалон", "number_of_strands": "", "hair_extension_method": "", "hair_type": "", "country_of_origin": "Россия", "kit": "Ободок, подарок", "decoration": "Коса", "package": "", "created_at": "2026-03-29T04:03:18.621Z", "updated_at": "2026-03-29T04:08:52.598Z", "category": [7, 5]}}, {"model": "shop.product", "pk": 17, "fields": {"series": 2, "article": "438391285", "main_image": "products/1_EQwyF60.png", "price": 9800, "discount_percentage": 67, "hair_shade": "other", "color": "ярко-голубой", "is_available": true, "created_at": "2026-03-27T05:13:21.152Z", "updated_at": "2026-03-27T07:05:19.635Z", "rating": "3.0", "reviews_count": 1, "is_hit": true, "description_override": "", "hair_length_override": "70см", "hair_width_override": null, "kit_override": null, "number_of_strands_override": null}}, {"model": "shop.product", "pk": 18, "fields": {"series": 2, "article": "216649506", "main_image": "products/1_cvsdsgc.png", "price": 15400, "discount_percentage": 68, "hair_shade": "medium", "color": "шоколадный, пшеничный", "is_available": true, "created_at": "2026-03-27T09:59:17.338Z", "updated_at": "2026-03-27T11:47:28.959Z", "rating": "0.0", "reviews_count": 0, "is_hit": false, "description_override": "", "hair_length_override": "70см", "hair_width_override": null, "kit_override": null, "number_of_strands_override": null}}, {"model": "shop.product", "pk": 19, "fields": {"series": 2, "article": "371179689", "main_image": "products/1_d8X0Bpm.png", "price": 9800, "discount_percentage": 59, "hair_shade": "red", "color": "ярко-красный", "is_available": true, "created_at": "2026-03-27T10:26:27.045Z", "updated_at": "2026-03-27T10:26:27.045Z", "rating": "4.5", "reviews_count": 2, "is_hit": true, "description_override": "", "hair_length_override": null, "hair_width_override": null, "kit_override": null, "number_of_strands_override": null}}, {"model": "shop.product", "pk": 20, "fields": {"series": 2, "article": "326587478", "main_image": "products/53.png", "price": 15400, "discount_percentage": 71, "hair_shade": "dark", "color": "шоколадно-коричневый", "is_available": true, "created_at": "2026-03-27T11:32:40.549Z", "updated_at": "2026-03-27T11:32:40.549Z", "rating": "0.0", "reviews_count": 0, "is_hit": true, "description_override": "", "hair_length_override": null, "hair_width_override": null, "kit_override": null, "number_of_strands_override": null}}, {"model": "shop.product", "pk": 21, "fields": {"series": 1, "article": "310862969", "main_image": "products/chrome_NnXBPlZ8Zd.png", "price": 4800, "discount_percentage": 66, "hair_shade": "light", "color": "светло-русый", "is_available": true, "created_at": "2026-03-28T02:28:19.341Z", "updated_at": "2026-03-28T02:28:19.341Z", "rating": "5.0", "reviews_count": 0, "is_hit": true, "description_override": "", "hair_length_override": null, "hair_width_override": null, "kit_override": null, "number_of_strands_override": null}}, {"model": "shop.product", "pk": 22, "fields": {"series": 1, "article": "727128304", "main_image": "products/chrome_KBj0F0Regu.png", "price": 4800, "discount_percentage": 64, "hair_shade": "dark", "color": "шоколадно-коричневый, медь, красное дерево", "is_available": true, "created_at": "2026-03-28T02:34:35.474Z", "updated_at": "2026-03-28T02:34:35.474Z", "rating": "4.0", "reviews_count": 0, "is_hit": false, "description_override": "", "hair_length_override": null, "hair_width_override": null, "kit_override": null, "number_of_strands_override": null}}, {"model": "shop.product", "pk": 23, "fields": {"series": 1, "article": "728864446", "main_image": "products/chrome_uMweYjgtND.png", "price": 4900, "discount_percentage": 67, "hair_shade": "light", "color": "пшеничный, блонд", "is_available": true, "created_at": "2026-03-28T02:49:31.266Z", "updated_at": "2026-03-28T02:49:31.266Z", "rating": "3.0", "reviews_count": 0, "is_hit": false, "description_override": "", "hair_length_override": null, "hair_width_override": null, "kit_override": null, "number_of_strands_override": null}}, {"model": "shop.product", "pk": 24, "fields": {"series": 1, "article": "883844609", "main_image": "products/chrome_5PamenGJhG.png", "price": 4800, "discount_percentage": 66, "hair_shade": "red", "color": "вишневый", "is_available": true, "created_at": "2026-03-28T02:57:44.196Z", "updated_at": "2026-03-28T02:57:44.196Z", "rating": "5.0", "reviews_count": 1, "is_hit": true, "description_override": "", "hair_length_override": null, "hair_width_override": null, "kit_override": null, "number_of_strands_override": null}}, {"model": "shop.product", "pk": 25, "fields": {"series": 1, "article": "329672108", "main_image": "products/chrome_HIkWb6Ui37.png", "price": 4800, "discount_percentage": 58, "hair_shade": "light", "color": "пепельно-коричневый", "is_available": true, "created_at": "2026-03-28T03:18:21.485Z", "updated_at": "2026-03-28T03:18:21.485Z", "rating": "4.4", "reviews_count": 0, "is_hit": true, "description_override": "", "hair_length_override": null, "hair_width_override": null, "kit_override": null, "number_of_strands_override": null}}, {"model": "shop.product", "pk": 26, "fields": {"series": 3, "article": "268783606", "main_image": "products/chrome_IbYi5dG14G.png", "price": 7200, "discount_percentage": 67, "hair_shade": "light", "color": "карамельный, блонд, шоколадный", "is_available": true, "created_at": "2026-03-28T05:39:22.111Z", "updated_at": "2026-03-28T05:40:13.138Z", "rating": "0.0", "reviews_count": 0, "is_hit": false, "description_override": "", "hair_length_override": null, "hair_width_override": null, "kit_override": null, "number_of_strands_override": null}}, {"model": "shop.product", "pk": 27, "fields": {"series": 3, "article": "197626624", "main_image": "products/chrome_9jku7SBEVg.png", "price": 7200, "discount_percentage": 68, "hair_shade": "combined", "color": "пшеничный, розовый неон", "is_available": true, "created_at": "2026-03-28T06:07:50.711Z", "updated_at": "2026-03-28T06:07:50.711Z", "rating": "0.0", "reviews_count": 0, "is_hit": false, "description_override": "", "hair_length_override": null, "hair_width_override": null, "kit_override": null, "number_of_strands_override": null}}, {"model": "shop.product", "pk": 28, "fields": {"series": 3, "article": "201076099", "main_image": "products/chrome_1M4XDYy55j.png", "price": 7200, "discount_percentage": 69, "hair_shade": "medium", "color": "шоколадно-коричневый, пшеничный", "is_available": true, "created_at": "2026-03-28T06:11:34.199Z", "updated_at": "2026-03-28T07:00:10.767Z", "rating": "0.0", "reviews_count": 0, "is_hit": false, "description_override": "", "hair_length_override": null, "hair_width_override": null, "kit_override": null, "number_of_strands_override": null}}, {"model": "shop.product", "pk": 29, "fields": {"series": 4, "article": "59746317", "main_image": "products/chrome_CQEG4LVtoG.png", "price": 8200, "discount_percentage": 66, "hair_shade": "other", "color": "молочный шоколад;холодный блонд", "is_available": true, "created_at": "2026-03-28T07:13:27.509Z", "updated_at": "2026-03-29T01:16:26.792Z", "rating": "0.0", "reviews_count": 0, "is_hit": true, "description_override": "", "hair_length_override": null, "hair_width_override": null, "kit_override": null, "number_of_strands_override": null}}, {"model": "shop.product", "pk": 30, "fields": {"series": 4, "article": "133144212", "main_image": "products/chrome_iY7mNfQdGo.png", "price": 8200, "discount_percentage": 67, "hair_shade": "medium", "color": "пудровый;трюфель", "is_available": true, "created_at": "2026-03-29T02:48:04.829Z", "updated_at": "2026-03-29T02:48:04.829Z", "rating": "0.0", "reviews_count": 0, "is_hit": true, "description_override": "", "hair_length_override": null, "hair_width_override": null, "kit_override": null, "number_of_strands_override": null}}, {"model": "shop.product", "pk": 31, "fields": {"series": 4, "article": "153027239", "main_image": "products/chrome_twuyjO614l.png", "price": 8200, "discount_percentage": 67, "hair_shade": "combined", "color": "розовый неон", "is_available": true, "created_at": "2026-03-29T02:56:11.388Z", "updated_at": "2026-03-29T02:56:11.388Z", "rating": "4.8", "reviews_count": 0, "is_hit": false, "description_override": "", "hair_length_override": null, "hair_width_override": null, "kit_override": null, "number_of_strands_override": null}}, {"model": "shop.product", "pk": 32, "fields": {"series": 4, "article": "350735600", "main_image": "products/chrome_4DWnc9wh21.png", "price": 8200, "discount_percentage": 54, "hair_shade": "light", "color": "холодный блонд;холодный русый", "is_available": true, "created_at": "2026-03-29T03:34:23.218Z", "updated_at": "2026-03-29T03:34:23.218Z", "rating": "0.0", "reviews_count": 0, "is_hit": true, "description_override": "", "hair_length_override": null, "hair_width_override": null, "kit_override": null, "number_of_strands_override": null}}, {"model": "shop.product", "pk": 34, "fields": {"series": 4, "article": "59746318", "main_image": "products/chrome_3ZnpnGSKC4.png", "price": 8200, "discount_percentage": 66, "hair_shade": "dark", "color": "черный", "is_available": true, "created_at": "2026-03-29T03:45:56.961Z", "updated_at": "2026-03-29T03:45:56.961Z", "rating": "0.0", "reviews_count": 0, "is_hit": false, "description_override": "", "hair_length_override": null, "hair_width_override": null, "kit_override": null, "number_of_strands_override": null}}, {"model": "shop.product", "pk": 35, "fields": {"series": 5, "article": "306449093", "main_image": "products/chrome_emtWaDs4gK.png", "price": 5800, "discount_percentage": 67, "hair_shade": "red", "color": "кирпичный", "is_available": true, "created_at": "2026-03-29T04:08:01.439Z", "updated_at": "2026-03-29T04:08:01.439Z", "rating": "0.0", "reviews_count": 0, "is_hit": false, "description_override": "", "hair_length_override": null, "hair_width_override": null, "kit_override": null, "number_of_strands_override": null}}, {"model": "shop.product", "pk": 36, "fields": {"series": 5, "article": "204180587", "main_image": "products/chrome_c9PyQxBMrp.png", "price": 5800, "discount_percentage": 66, "hair_shade": "light", "color": "пепел, натуральный серый", "is_available": true, "created_at": "2026-03-29T04:15:57.258Z", "updated_at": "2026-03-29T04:15:57.258Z", "rating": "0.0", "reviews_count": 0, "is_hit": false, "description_override": "", "hair_length_override": null, "hair_width_override": null, "kit_override": null, "number_of_strands_override": null}}, {"model": "shop.product", "pk": 37, "fields": {"series": 5, "article": "246996288", "main_image": "products/chrome_4XLu2Xgr7v.png", "price": 5800, "discount_percentage": 66, "hair_shade": "light", "color": "карамельный", "is_available": true, "created_at": "2026-03-29T04:45:55.470Z", "updated_at": "2026-03-29T04:45:55.470Z", "rating": "0.0", "reviews_count": 0, "is_hit": false, "description_override": "", "hair_length_override": null, "hair_width_override": null, "kit_override": null, "number_of_strands_override": null}}, {"model": "shop.product", "pk": 38, "fields": {"series": 5, "article": "200558866", "main_image": "products/chrome_Luj9IxMVFq.png", "price": 5800, "discount_percentage": 68, "hair_shade": "dark", "color": "шоколадно-коричневый", "is_available": true, "created_at": "2026-03-29T04:49:07.030Z", "updated_at": "2026-03-29T04:49:07.030Z", "rating": "0.0", "reviews_count": 0, "is_hit": false, "description_override": "", "hair_length_override": null, "hair_width_override": null, "kit_override": null, "number_of_strands_override": null}}, {"model": "shop.productimage", "pk": 25, "fields": {"media_type": "image", "product": 17, "image": "products/gallery/2_qFhElvE.png", "video": "", "created_at": "2026-03-27T05:17:28.501Z", "order": 0}}, {"model": "shop.productimage", "pk": 26, "fields": {"media_type": "image", "product": 17, "image": "products/gallery/3_LvLU0Ox.png", "video": "", "created_at": "2026-03-27T05:17:28.513Z", "order": 0}}, {"model": "shop.productimage", "pk": 27, "fields": {"media_type": "image", "product": 18, "image": "products/gallery/2_gfSUd9C.png", "video": "", "created_at": "2026-03-27T09:59:17.358Z", "order": 0}}, {"model": "shop.productimage", "pk": 28, "fields": {"media_type": "image", "product": 18, "image": "products/gallery/3_yKTTRxp.png", "video": "", "created_at": "2026-03-27T09:59:17.368Z", "order": 0}}, {"model": "shop.productimage", "pk": 29, "fields": {"media_type": "image", "product": 18, "image": "products/gallery/4.png", "video": "", "created_at": "2026-03-27T09:59:17.382Z", "order": 0}}, {"model": "shop.productimage", "pk": 30, "fields": {"media_type": "image", "product": 18, "image": "products/gallery/5.png", "video": "", "created_at": "2026-03-27T09:59:17.390Z", "order": 0}}, {"model": "shop.productimage", "pk": 31, "fields": {"media_type": "image", "product": 19, "image": "products/gallery/2_25G7l5s.png", "video": "", "created_at": "2026-03-27T10:26:27.065Z", "order": 0}}, {"model": "shop.productimage", "pk": 32, "fields": {"media_type": "image", "product": 19, "image": "products/gallery/3_V28ddZ7.png", "video": "", "created_at": "2026-03-27T10:26:27.075Z", "order": 0}}, {"model": "shop.productimage", "pk": 33, "fields": {"media_type": "image", "product": 19, "image": "products/gallery/4_IezPCyg.png", "video": "", "created_at": "2026-03-27T10:26:27.083Z", "order": 0}}, {"model": "shop.productimage", "pk": 34, "fields": {"media_type": "image", "product": 20, "image": "products/gallery/531.png", "video": "", "created_at": "2026-03-27T11:32:40.559Z", "order": 0}}, {"model": "shop.productimage", "pk": 35, "fields": {"media_type": "image", "product": 20, "image": "products/gallery/532.png", "video": "", "created_at": "2026-03-27T11:32:40.567Z", "order": 0}}, {"model": "shop.productimage", "pk": 36, "fields": {"media_type": "image", "product": 20, "image": "products/gallery/534.png", "video": "", "created_at": "2026-03-27T11:32:40.576Z", "order": 0}}, {"model": "shop.productimage", "pk": 37, "fields": {"media_type": "image", "product": 20, "image": "products/gallery/533.png", "video": "", "created_at": "2026-03-27T11:32:40.583Z", "order": 0}}, {"model": "shop.productimage", "pk": 38, "fields": {"media_type": "image", "product": 20, "image": "products/gallery/535.png", "video": "", "created_at": "2026-03-27T11:32:40.587Z", "order": 0}}, {"model": "shop.productimage", "pk": 39, "fields": {"media_type": "image", "product": 21, "image": "products/gallery/chrome_8jfUjddUg1.png", "video": "", "created_at": "2026-03-28T02:28:19.375Z", "order": 0}}, {"model": "shop.productimage", "pk": 40, "fields": {"media_type": "image", "product": 21, "image": "products/gallery/chrome_KxCaZEZ0pE.png", "video": "", "created_at": "2026-03-28T02:28:19.390Z", "order": 0}}, {"model": "shop.productimage", "pk": 41, "fields": {"media_type": "image", "product": 21, "image": "products/gallery/chrome_NrZzqoOkde.png", "video": "", "created_at": "2026-03-28T02:28:19.402Z", "order": 0}}, {"model": "shop.productimage", "pk": 42, "fields": {"media_type": "image", "product": 22, "image": "products/gallery/chrome_hgJFhySH8A.png", "video": "", "created_at": "2026-03-28T02:34:35.492Z", "order": 0}}, {"model": "shop.productimage", "pk": 43, "fields": {"media_type": "image", "product": 22, "image": "products/gallery/chrome_Ryr43iPjZr.png", "video": "", "created_at": "2026-03-28T02:34:35.506Z", "order": 0}}, {"model": "shop.productimage", "pk": 44, "fields": {"media_type": "image", "product": 23, "image": "products/gallery/chrome_4Ew6tmrCMR.png", "video": "", "created_at": "2026-03-28T02:49:31.282Z", "order": 0}}, {"model": "shop.productimage", "pk": 45, "fields": {"media_type": "image", "product": 23, "image": "products/gallery/chrome_kSfkGJm8c5.png", "video": "", "created_at": "2026-03-28T02:49:31.293Z", "order": 0}}, {"model": "shop.productimage", "pk": 46, "fields": {"media_type": "image", "product": 23, "image": "products/gallery/chrome_pahbcbcE0l.png", "video": "", "created_at": "2026-03-28T02:49:31.302Z", "order": 0}}, {"model": "shop.productimage", "pk": 47, "fields": {"media_type": "image", "product": 23, "image": "products/gallery/chrome_yffcQV11wO.png", "video": "", "created_at": "2026-03-28T02:49:31.310Z", "order": 0}}, {"model": "shop.productimage", "pk": 48, "fields": {"media_type": "image", "product": 24, "image": "products/gallery/chrome_42yrsvomnq.png", "video": "", "created_at": "2026-03-28T02:57:44.209Z", "order": 0}}, {"model": "shop.productimage", "pk": 49, "fields": {"media_type": "image", "product": 24, "image": "products/gallery/chrome_qlSWwc3G7J.png", "video": "", "created_at": "2026-03-28T02:57:44.220Z", "order": 0}}, {"model": "shop.productimage", "pk": 50, "fields": {"media_type": "image", "product": 24, "image": "products/gallery/chrome_RZWrVSMWEY.png", "video": "", "created_at": "2026-03-28T02:57:44.230Z", "order": 0}}, {"model": "shop.productimage", "pk": 51, "fields": {"media_type": "image", "product": 25, "image": "products/gallery/chrome_J1JcgBrxMl.png", "video": "", "created_at": "2026-03-28T03:18:21.503Z", "order": 0}}, {"model": "shop.productimage", "pk": 52, "fields": {"media_type": "image", "product": 25, "image": "products/gallery/chrome_jIof0QZjoK.png", "video": "", "created_at": "2026-03-28T03:18:21.517Z", "order": 0}}, {"model": "shop.productimage", "pk": 53, "fields": {"media_type": "image", "product": 25, "image": "products/gallery/chrome_SAddOJKq28.png", "video": "", "created_at": "2026-03-28T03:18:21.530Z", "order": 0}}, {"model": "shop.productimage", "pk": 54, "fields": {"media_type": "image", "product": 25, "image": "products/gallery/chrome_sEMoc7uW15.png", "video": "", "created_at": "2026-03-28T03:18:21.541Z", "order": 0}}, {"model": "shop.productimage", "pk": 55, "fields": {"media_type": "image", "product": 25, "image": "products/gallery/chrome_XV52hhR6rr.png", "video": "", "created_at": "2026-03-28T03:18:21.553Z", "order": 0}}, {"model": "shop.productimage", "pk": 56, "fields": {"media_type": "image", "product": 26, "image": "products/gallery/chrome_g9FI8dKuKx.png", "video": "", "created_at": "2026-03-28T05:40:13.153Z", "order": 0}}, {"model": "shop.productimage", "pk": 57, "fields": {"media_type": "image", "product": 26, "image": "products/gallery/chrome_Pcs0lPgntI.png", "video": "", "created_at": "2026-03-28T05:40:13.164Z", "order": 0}}, {"model": "shop.productimage", "pk": 58, "fields": {"media_type": "image", "product": 26, "image": "products/gallery/chrome_R0juniUCTN.png", "video": "", "created_at": "2026-03-28T05:40:13.172Z", "order": 0}}, {"model": "shop.productimage", "pk": 59, "fields": {"media_type": "image", "product": 26, "image": "products/gallery/chrome_X1OBSz58WE.png", "video": "", "created_at": "2026-03-28T05:40:13.182Z", "order": 0}}, {"model": "shop.productimage", "pk": 60, "fields": {"media_type": "image", "product": 27, "image": "products/gallery/chrome_kyBqjeBIWG.png", "video": "", "created_at": "2026-03-28T06:07:50.721Z", "order": 0}}, {"model": "shop.productimage", "pk": 61, "fields": {"media_type": "image", "product": 27, "image": "products/gallery/chrome_lLvNoDnsh3.png", "video": "", "created_at": "2026-03-28T06:07:50.731Z", "order": 0}}, {"model": "shop.productimage", "pk": 62, "fields": {"media_type": "image", "product": 27, "image": "products/gallery/chrome_PkTf65T4Cz.png", "video": "", "created_at": "2026-03-28T06:07:50.741Z", "order": 0}}, {"model": "shop.productimage", "pk": 63, "fields": {"media_type": "image", "product": 27, "image": "products/gallery/chrome_pOlfm0m0DM.png", "video": "", "created_at": "2026-03-28T06:07:50.749Z", "order": 0}}, {"model": "shop.productimage", "pk": 64, "fields": {"media_type": "image", "product": 27, "image": "products/gallery/chrome_x9KbgeDpzA.png", "video": "", "created_at": "2026-03-28T06:07:50.758Z", "order": 0}}, {"model": "shop.productimage", "pk": 65, "fields": {"media_type": "image", "product": 28, "image": "products/gallery/chrome_GWj9KTnl3g.png", "video": "", "created_at": "2026-03-28T06:11:34.209Z", "order": 0}}, {"model": "shop.productimage", "pk": 66, "fields": {"media_type": "image", "product": 28, "image": "products/gallery/chrome_o1EsF0qRkb.png", "video": "", "created_at": "2026-03-28T06:11:34.217Z", "order": 0}}, {"model": "shop.productimage", "pk": 67, "fields": {"media_type": "image", "product": 28, "image": "products/gallery/chrome_ucT9WbU8yz.png", "video": "", "created_at": "2026-03-28T06:11:34.232Z", "order": 0}}, {"model": "shop.productimage", "pk": 68, "fields": {"media_type": "image", "product": 28, "image": "products/gallery/chrome_UMebJGaIYa.png", "video": "", "created_at": "2026-03-28T06:11:34.242Z", "order": 0}}, {"model": "shop.productimage", "pk": 69, "fields": {"media_type": "image", "product": 28, "image": "products/gallery/chrome_yFOJaAOk5j.png", "video": "", "created_at": "2026-03-28T06:11:34.252Z", "order": 0}}, {"model": "shop.productimage", "pk": 70, "fields": {"media_type": "image", "product": 29, "image": "products/gallery/chrome_8x45TP0gex.png", "video": "", "created_at": "2026-03-28T07:13:27.527Z", "order": 0}}, {"model": "shop.productimage", "pk": 71, "fields": {"media_type": "image", "product": 29, "image": "products/gallery/chrome_dC5wBHzSCV.png", "video": "", "created_at": "2026-03-28T07:13:27.537Z", "order": 0}}, {"model": "shop.productimage", "pk": 72, "fields": {"media_type": "image", "product": 29, "image": "products/gallery/chrome_KgnWD0b5yp.png", "video": "", "created_at": "2026-03-28T07:13:27.546Z", "order": 0}}, {"model": "shop.productimage", "pk": 73, "fields": {"media_type": "image", "product": 29, "image": "products/gallery/chrome_Lm8CsSZGCY.png", "video": "", "created_at": "2026-03-28T07:13:27.554Z", "order": 0}}, {"model": "shop.productimage", "pk": 74, "fields": {"media_type": "image", "product": 29, "image": "products/gallery/chrome_mYsg31jqJZ.png", "video": "", "created_at": "2026-03-28T07:13:27.562Z", "order": 0}}, {"model": "shop.productimage", "pk": 76, "fields": {"media_type": "video", "product": 29, "image": "", "video": "products/videos/Последовательность_01_1.mp4", "created_at": "2026-03-28T10:40:52.425Z", "order": 0}}, {"model": "shop.productimage", "pk": 77, "fields": {"media_type": "image", "product": 30, "image": "products/gallery/chrome_1kazssyFeG.png", "video": "", "created_at": "2026-03-29T02:48:04.861Z", "order": 0}}, {"model": "shop.productimage", "pk": 78, "fields": {"media_type": "image", "product": 30, "image": "products/gallery/chrome_60vNLXBbnP.png", "video": "", "created_at": "2026-03-29T02:48:04.873Z", "order": 0}}, {"model": "shop.productimage", "pk": 79, "fields": {"media_type": "image", "product": 30, "image": "products/gallery/chrome_dIXxAOkNtv.png", "video": "", "created_at": "2026-03-29T02:48:04.882Z", "order": 0}}, {"model": "shop.productimage", "pk": 80, "fields": {"media_type": "image", "product": 30, "image": "products/gallery/chrome_DL6z8FElQu.png", "video": "", "created_at": "2026-03-29T02:48:04.892Z", "order": 0}}, {"model": "shop.productimage", "pk": 81, "fields": {"media_type": "image", "product": 30, "image": "products/gallery/chrome_epbLa19uJW.png", "video": "", "created_at": "2026-03-29T02:48:04.902Z", "order": 0}}, {"model": "shop.productimage", "pk": 82, "fields": {"media_type": "image", "product": 30, "image": "products/gallery/chrome_PqDAvMeVdJ.png", "video": "", "created_at": "2026-03-29T02:48:04.913Z", "order": 0}}, {"model": "shop.productimage", "pk": 83, "fields": {"media_type": "image", "product": 30, "image": "products/gallery/chrome_zQIHn5uiUW.png", "video": "", "created_at": "2026-03-29T02:48:04.923Z", "order": 0}}, {"model": "shop.productimage", "pk": 84, "fields": {"media_type": "image", "product": 31, "image": "products/gallery/chrome_1gkD4Vyrnk.png", "video": "", "created_at": "2026-03-29T02:56:11.406Z", "order": 0}}, {"model": "shop.productimage", "pk": 85, "fields": {"media_type": "image", "product": 31, "image": "products/gallery/chrome_7mK9ObLn4x.png", "video": "", "created_at": "2026-03-29T02:56:11.419Z", "order": 0}}, {"model": "shop.productimage", "pk": 86, "fields": {"media_type": "image", "product": 31, "image": "products/gallery/chrome_63khPyR0RO.png", "video": "", "created_at": "2026-03-29T02:56:11.430Z", "order": 0}}, {"model": "shop.productimage", "pk": 87, "fields": {"media_type": "image", "product": 31, "image": "products/gallery/chrome_BFLoOyHDik.png", "video": "", "created_at": "2026-03-29T02:56:11.442Z", "order": 0}}, {"model": "shop.productimage", "pk": 88, "fields": {"media_type": "image", "product": 31, "image": "products/gallery/chrome_CsMjSe2qfI.png", "video": "", "created_at": "2026-03-29T02:56:11.452Z", "order": 0}}, {"model": "shop.productimage", "pk": 89, "fields": {"media_type": "image", "product": 31, "image": "products/gallery/chrome_gvic8T8w2V.png", "video": "", "created_at": "2026-03-29T02:56:11.466Z", "order": 0}}, {"model": "shop.productimage", "pk": 90, "fields": {"media_type": "image", "product": 31, "image": "products/gallery/chrome_jUOvg92def.png", "video": "", "created_at": "2026-03-29T02:56:11.477Z", "order": 0}}, {"model": "shop.productimage", "pk": 91, "fields": {"media_type": "image", "product": 31, "image": "products/gallery/chrome_kY32IcY36R.png", "video": "", "created_at": "2026-03-29T02:56:11.489Z", "order": 0}}, {"model": "shop.productimage", "pk": 92, "fields": {"media_type": "image", "product": 32, "image": "products/gallery/36ay8WET4X.png", "video": "", "created_at": "2026-03-29T03:34:23.233Z", "order": 0}}, {"model": "shop.productimage", "pk": 93, "fields": {"media_type": "image", "product": 32, "image": "products/gallery/chrome_bz1axp5rPo.png", "video": "", "created_at": "2026-03-29T03:34:23.245Z", "order": 0}}, {"model": "shop.productimage", "pk": 94, "fields": {"media_type": "image", "product": 32, "image": "products/gallery/chrome_N5ljo4rCP2.png", "video": "", "created_at": "2026-03-29T03:34:23.257Z", "order": 0}}, {"model": "shop.productimage", "pk": 95, "fields": {"media_type": "image", "product": 32, "image": "products/gallery/VJnhyw9QKC.png", "video": "", "created_at": "2026-03-29T03:34:23.267Z", "order": 0}}, {"model": "shop.productimage", "pk": 96, "fields": {"media_type": "image", "product": 32, "image": "products/gallery/zXQlThmFcU.png", "video": "", "created_at": "2026-03-29T03:34:23.276Z", "order": 0}}, {"model": "shop.productimage", "pk": 106, "fields": {"media_type": "image", "product": 34, "image": "products/gallery/chrome_APRKdMIVAp.png", "video": "", "created_at": "2026-03-29T03:45:56.974Z", "order": 0}}, {"model": "shop.productimage", "pk": 107, "fields": {"media_type": "image", "product": 34, "image": "products/gallery/chrome_f5H72GvWj5.png", "video": "", "created_at": "2026-03-29T03:45:56.987Z", "order": 0}}, {"model": "shop.productimage", "pk": 108, "fields": {"media_type": "image", "product": 34, "image": "products/gallery/chrome_FAOj1FvU4u.png", "video": "", "created_at": "2026-03-29T03:45:56.995Z", "order": 0}}, {"model": "shop.productimage", "pk": 109, "fields": {"media_type": "image", "product": 34, "image": "products/gallery/chrome_GFrDgrtxCJ.png", "video": "", "created_at": "2026-03-29T03:45:57.003Z", "order": 0}}, {"model": "shop.productimage", "pk": 110, "fields": {"media_type": "image", "product": 34, "image": "products/gallery/chrome_HEEfQvBcVf.png", "video": "", "created_at": "2026-03-29T03:45:57.015Z", "order": 0}}, {"model": "shop.productimage", "pk": 111, "fields": {"media_type": "image", "product": 34, "image": "products/gallery/chrome_wfg8p9g5Uy.png", "video": "", "created_at": "2026-03-29T03:45:57.025Z", "order": 0}}, {"model": "shop.productimage", "pk": 112, "fields": {"media_type": "image", "product": 34, "image": "products/gallery/chrome_xLbr4LfSrP.png", "video": "", "created_at": "2026-03-29T03:45:57.036Z", "order": 0}}, {"model": "shop.productimage", "pk": 113, "fields": {"media_type": "image", "product": 34, "image": "products/gallery/chrome_zZJUQ1r8XX.png", "video": "", "created_at": "2026-03-29T03:45:57.046Z", "order": 0}}, {"model": "shop.productimage", "pk": 114, "fields": {"media_type": "image", "product": 35, "image": "products/gallery/chrome_AlqMHDQuzR.png", "video": "", "created_at": "2026-03-29T04:08:01.452Z", "order": 0}}, {"model": "shop.productimage", "pk": 115, "fields": {"media_type": "image", "product": 35, "image": "products/gallery/chrome_w3sseE5ofU.png", "video": "", "created_at": "2026-03-29T04:08:01.476Z", "order": 0}}, {"model": "shop.productimage", "pk": 116, "fields": {"media_type": "image", "product": 35, "image": "products/gallery/iww0PZPEsd.png", "video": "", "created_at": "2026-03-29T04:08:01.487Z", "order": 0}}, {"model": "shop.productimage", "pk": 117, "fields": {"media_type": "image", "product": 35, "image": "products/gallery/UMIDnSVcBa.png", "video": "", "created_at": "2026-03-29T04:08:01.496Z", "order": 0}}, {"model": "shop.productimage", "pk": 118, "fields": {"media_type": "image", "product": 36, "image": "products/gallery/chrome_7dYB1u3Q3l.png", "video": "", "created_at": "2026-03-29T04:15:57.269Z", "order": 0}}, {"model": "shop.productimage", "pk": 119, "fields": {"media_type": "image", "product": 36, "image": "products/gallery/chrome_HiKKgzv5Sy.png", "video": "", "created_at": "2026-03-29T04:15:57.280Z", "order": 0}}, {"model": "shop.productimage", "pk": 120, "fields": {"media_type": "image", "product": 36, "image": "products/gallery/chrome_K6v995L6vo.png", "video": "", "created_at": "2026-03-29T04:15:57.288Z", "order": 0}}, {"model": "shop.productimage", "pk": 121, "fields": {"media_type": "image", "product": 36, "image": "products/gallery/chrome_K6v995L6vo_l2TPdWn.png", "video": "", "created_at": "2026-03-29T04:15:57.295Z", "order": 0}}, {"model": "shop.productimage", "pk": 122, "fields": {"media_type": "image", "product": 36, "image": "products/gallery/chrome_nvYW6ibn1E.png", "video": "", "created_at": "2026-03-29T04:15:57.306Z", "order": 0}}, {"model": "shop.productimage", "pk": 123, "fields": {"media_type": "image", "product": 36, "image": "products/gallery/chrome_oL6kAp1IQd.png", "video": "", "created_at": "2026-03-29T04:15:57.314Z", "order": 0}}, {"model": "shop.productimage", "pk": 124, "fields": {"media_type": "image", "product": 36, "image": "products/gallery/chrome_SoSF5RZUbK.png", "video": "", "created_at": "2026-03-29T04:15:57.329Z", "order": 0}}, {"model": "shop.productimage", "pk": 125, "fields": {"media_type": "image", "product": 36, "image": "products/gallery/chrome_x23Go5g8sk.png", "video": "", "created_at": "2026-03-29T04:15:57.339Z", "order": 0}}, {"model": "shop.productimage", "pk": 126, "fields": {"media_type": "image", "product": 36, "image": "products/gallery/chrome_Z46FxSCcoa.png", "video": "", "created_at": "2026-03-29T04:15:57.349Z", "order": 0}}, {"model": "shop.productimage", "pk": 127, "fields": {"media_type": "image", "product": 37, "image": "products/gallery/chrome_7qFoMOx0e8.png", "video": "", "created_at": "2026-03-29T04:45:55.484Z", "order": 0}}, {"model": "shop.productimage", "pk": 128, "fields": {"media_type": "image", "product": 37, "image": "products/gallery/chrome_DTBGfyEtDs.png", "video": "", "created_at": "2026-03-29T04:45:55.494Z", "order": 0}}, {"model": "shop.productimage", "pk": 129, "fields": {"media_type": "image", "product": 37, "image": "products/gallery/chrome_IWZKfiwvX4.png", "video": "", "created_at": "2026-03-29T04:45:55.502Z", "order": 0}}, {"model": "shop.productimage", "pk": 130, "fields": {"media_type": "image", "product": 37, "image": "products/gallery/chrome_K3u3e61IpG.png", "video": "", "created_at": "2026-03-29T04:45:55.513Z", "order": 0}}, {"model": "shop.productimage", "pk": 131, "fields": {"media_type": "image", "product": 37, "image": "products/gallery/chrome_TkH1pjdler.png", "video": "", "created_at": "2026-03-29T04:45:55.521Z", "order": 0}}, {"model": "shop.productimage", "pk": 132, "fields": {"media_type": "image", "product": 37, "image": "products/gallery/pFMYP9ulSd.png", "video": "", "created_at": "2026-03-29T04:45:55.532Z", "order": 0}}, {"model": "shop.productimage", "pk": 133, "fields": {"media_type": "image", "product": 38, "image": "products/gallery/chrome_522LPBi9V6.png", "video": "", "created_at": "2026-03-29T04:49:07.046Z", "order": 0}}, {"model": "shop.productimage", "pk": 134, "fields": {"media_type": "image", "product": 38, "image": "products/gallery/chrome_NLPtzpNhQF.png", "video": "", "created_at": "2026-03-29T04:49:07.059Z", "order": 0}}, {"model": "shop.productimage", "pk": 135, "fields": {"media_type": "image", "product": 38, "image": "products/gallery/chrome_OCZZ0lHHqx.png", "video": "", "created_at": "2026-03-29T04:49:07.068Z", "order": 0}}, {"model": "shop.productimage", "pk": 136, "fields": {"media_type": "image", "product": 38, "image": "products/gallery/chrome_qdCSGNFOdS.png", "video": "", "created_at": "2026-03-29T04:49:07.080Z", "order": 0}}, {"model": "shop.productimage", "pk": 137, "fields": {"media_type": "image", "product": 38, "image": "products/gallery/chrome_TyhjmMD8oQ.png", "video": "", "created_at": "2026-03-29T04:49:07.092Z", "order": 0}}, {"model": "users.user", "fields": {"password": "pbkdf2_sha256$130000$JAitbv3koCG2eZO9m50cMB$Ai9+UpJALIFlsG8w16J05nc8Zx842R/h3bf4LR2M5B0=", "last_login": "2026-03-29T02:45:52.540Z", "is_superuser": true, "username": "AnreX", "first_name": "Андрей", "last_name": "Хренов", "email": "han2201@bk.ru", "is_staff": true, "is_active": true, "date_joined": "2026-01-29T00:14:41.979Z", "phone_number": "", "delivery_city": "Новосибирск", "delivery_address": "ул.Тимирязева 87, кв.15", "groups": [], "user_permissions": []}}, {"model": "users.user", "fields": {"password": "pbkdf2_sha256$1000000$3iIzT2BeGtCns2PyxjIxD7$b9J3wtjb7pdIG0dbyDPp5GBM2Ug2RHXk9sixOGYj8Io=", "last_login": "2026-03-10T16:42:19.418Z", "is_superuser": false, "username": "Dims", "first_name": "Дмитрий", "last_name": "Хренов", "email": "dima@mail.ru", "is_staff": false, "is_active": true, "date_joined": "2026-03-10T16:05:46.683Z", "phone_number": "", "delivery_city": "Новосибирск", "delivery_address": "ул.Тимирязева 97, кв.15", "groups": [], "user_permissions": []}}, {"model": "users.user", "fields": {"password": "pbkdf2_sha256$130000$uJVcPIkzIsctpRi5Bv7y6R$vTCAMvAndgk2dEyXv8/P6PTtw/LnUngGSkOGTYlG6N8=", "last_login": "2026-03-14T11:02:48.774Z", "is_superuser": false, "username": "Valary", "first_name": "Валерия", "last_name": "", "email": "val@test.ru", "is_staff": false, "is_active": true, "date_joined": "2026-03-14T11:02:48.186Z", "phone_number": "", "delivery_city": "", "delivery_address": "", "groups": [], "user_permissions": []}}, {"model": "users.user", "fields": {"password": "pbkdf2_sha256$130000$IJETYy9zqsebQ274OIIbKo$Eej4z85z4K0IIEVEiRKmhF8eiW9VojBlsNjmYRGKp70=", "last_login": "2026-03-19T03:57:33.335Z", "is_superuser": false, "username": "Anna", "first_name": "", "last_name": "", "email": "anna@mail.ru", "is_staff": false, "is_active": true, "date_joined": "2026-03-14T23:13:55.999Z", "phone_number": "", "delivery_city": "", "delivery_address": "", "groups": [], "user_permissions": []}}, {"model": "shop.cart", "pk": 7, "fields": {"user": ["Dims"], "created_at": "2026-03-10T16:05:47.387Z", "updated_at": "2026-03-10T16:05:47.387Z"}}, {"model": "shop.cart", "pk": 8, "fields": {"user": ["Valary"], "created_at": "2026-03-14T11:02:48.599Z", "updated_at": "2026-03-14T11:02:48.599Z"}}, {"model": "shop.cart", "pk": 9, "fields": {"user": ["Anna"], "created_at": "2026-03-14T23:13:56.426Z", "updated_at": "2026-03-14T23:13:56.426Z"}}, {"model": "shop.cart", "pk": 10, "fields": {"user": ["AnreX"], "created_at": "2026-03-15T10:58:10.784Z", "updated_at": "2026-03-15T10:58:10.784Z"}}, {"model": "shop.review", "pk": 6, "fields": {"product": 17, "user": ["AnreX"], "rating": 3, "title": "gggg", "text": "ggggg", "is_approved": true, "created_at": "2026-03-27T06:56:52.734Z", "updated_at": "2026-03-27T07:51:44.099Z"}}, {"model": "shop.review", "pk": 7, "fields": {"product": 19, "user": ["Anna"], "rating": 5, "title": "99", "text": "88", "is_approved": true, "created_at": "2026-03-27T10:28:01.342Z", "updated_at": "2026-03-27T10:28:01.343Z"}}, {"model": "shop.review", "pk": 8, "fields": {"product": 19, "user": ["AnreX"], "rating": 4, "title": "pp", "text": "ll", "is_approved": true, "created_at": "2026-03-27T10:28:25.447Z", "updated_at": "2026-03-27T10:28:25.447Z"}}, {"model": "shop.review", "pk": 9, "fields": {"product": 24, "user": ["Anna"], "rating": 5, "title": "Отличный хвост", "text": "Спасибо, забрала хвост! Он бомбический, цвет суперский, длина та, которая мне нужна. Осталось корни и волосы подкрасить, и супер!", "is_approved": true, "created_at": "2026-03-28T02:59:13.447Z", "updated_at": "2026-03-28T02:59:13.447Z"}}]