[{"model": "sessions.session", "pk": "icdqmfgr060s3mowo1g3kd9y7va3mwnl", "fields": {"session_data": ".eJxVjMsOwiAQAP9lz4bw6FLo0bvfQBYWpGpoUtqT8d9Nkx70OjOZNwTatxr2ntcwM0yg4PLLIqVnbofgB7X7ItLStnWO4kjEabu4LZxf17P9G1TqFSYY2KGz0lAhi56xKB8xG3JJas-FUsoOvRu1szgoySMlI6PRRuaC0hB8vt_lN6M:1vrAdA:On5l4AaNyxfUF8Gav_iY3eNxKgwhM2jKRCh_Nl5vo2w", "expire_date": "2026-02-28T08:03:56.126Z"}}, {"model": "users.user", "fields": {"password": "pbkdf2_sha256$1200000$wnVTUL6Dwa5HngLDaG1S2Z$TL0JuU4pYDVt2Vab62zKCAF9OLwRJ2x8wqskFlN7Vgc=", "last_login": "2026-03-04T09:15:19.785Z", "is_superuser": true, "username": "AnreX", "first_name": "", "last_name": "", "email": "han2201@bk.ru", "is_staff": true, "is_active": true, "date_joined": "2026-01-29T00:14:41.979Z", "phone_number": "", "delivery_city": "", "delivery_address": "", "groups": [], "user_permissions": []}}, {"model": "users.user", "fields": {"password": "pbkdf2_sha256$1200000$fD6PXs2h5nzPYfQldkUpKS$6Kz5B1qdqwuDZ5tjj15ahR69GA21iIHtB2X8MpT7Kno=", "last_login": "2026-03-02T16:13:30.293Z", "is_superuser": false, "username": "Дима", "first_name": "Дмитрий", "last_name": "Хренов", "email": "dima@mail.ru", "is_staff": false, "is_active": true, "date_joined": "2026-03-02T16:13:25.315Z", "phone_number": "", "delivery_city": "Новосибирск", "delivery_address": "ул.Тимирязева 97, кв.15", "groups": [], "user_permissions": []}}, {"model": "users.user", "fields": {"password": "pbkdf2_sha256$1200000$5ck6QM5H1WueGK83nRDHB1$/FNv+t534IvoFZIfb4TgRE6DcM0QEKExAD+sn0jBC8U=", "last_login": "2026-03-03T03:08:32.532Z", "is_superuser": false, "username": "Таня", "first_name": "Татьяна", "last_name": "Уразлина", "email": "tanya@mail.ru", "is_staff": false, "is_active": true, "date_joined": "2026-03-02T16:14:19.146Z", "phone_number": "", "delivery_city": "Новосибирск", "delivery_address": "ул.Тимирязева 87, кв.15", "groups": [], "user_permissions": []}}, {"model": "shop.siteassets", "pk": 1, "fields": {"site_assets_name": "logo", "image": "site_assets/logo.png", "is_active": true, "description": "логотип", "note": "изменение логотипа"}}, {"model": "shop.siteassets", "pk": 2, "fields": {"site_assets_name": "logo_text", "image": "", "is_active": true, "description": "Студия  Наталии Румянцевой", "note": "изменение текста логотипа"}}, {"model": "shop.siteassets", "pk": 3, "fields": {"site_assets_name": "slogan", "image": "", "is_active": true, "description": "<pre class=\"slogan\">\r\nРОСКОШНЫЕ\r\n        ИСКУССТВЕННЫЕ \r\n                      ВОЛОСЫ\r\n</pre>", "note": "ПРЕМИУМ КЛАССА"}}, {"model": "shop.siteassets", "pk": 4, "fields": {"site_assets_name": "Премиум качество", "image": "", "is_active": true, "description": "Используем только высококачественные материалы, которые выглядят естественно и служат долго.", "note": "advantages"}}, {"model": "shop.siteassets", "pk": 5, "fields": {"site_assets_name": "Ассортимент", "image": "", "is_active": true, "description": "Более 50 оттенков на любой вкус. Поможем подобрать идеальный цвет под ваш образ.", "note": "advantages"}}, {"model": "shop.siteassets", "pk": 6, "fields": {"site_assets_name": "Легкость ухода", "image": "", "is_active": true, "description": "Наши волосы не требуют сложного ухода. Они сохраняют форму и цвет после многократного использования.", "note": "advantages"}}, {"model": "shop.siteassets", "pk": 7, "fields": {"site_assets_name": "4.6 ⭐", "image": "", "is_active": true, "description": "66701 отзывов на WB", "note": "advantages"}}, {"model": "shop.siteassets", "pk": 8, "fields": {"site_assets_name": "account_icon", "image": "site_assets/account_circle.png", "is_active": true, "description": "войти", "note": "иконка аккаунта"}}, {"model": "shop.siteassets", "pk": 9, "fields": {"site_assets_name": "cart_icon", "image": "site_assets/shopping_cart_128dp_BB271A_FILL0_wght400_GRAD0_opsz48.png", "is_active": true, "description": "ваша корзина", "note": "иконка корзины"}}, {"model": "shop.category", "pk": 4, "fields": {"name": "Волосы для наращивания", "slug": "volosy-dlya-narashivaniya", "description": "", "image": "categories/52.png", "is_active": true, "created_at": "2026-02-03T11:04:23.245Z", "updated_at": "2026-02-13T04:08:08.535Z"}}, {"model": "shop.category", "pk": 5, "fields": {"name": "Канекалон", "slug": "kanekalon", "description": "Здесь можно чего-нибудь коротко написать, а можно и не писать", "image": "categories/11.png", "is_active": true, "created_at": "2026-02-03T11:13:54.687Z", "updated_at": "2026-02-08T09:35:33.952Z"}}, {"model": "shop.category", "pk": 7, "fields": {"name": "Ободки", "slug": "obodki", "description": "", "image": "categories/13.png", "is_active": true, "created_at": "2026-02-03T11:21:32.541Z", "updated_at": "2026-02-03T11:21:32.541Z"}}, {"model": "shop.category", "pk": 8, "fields": {"name": "Резинки", "slug": "rezinki", "description": "Здесь можно чего-нибудь коротко написать, а можно и не писать", "image": "categories/14.png", "is_active": true, "created_at": "2026-02-03T11:24:48.843Z", "updated_at": "2026-02-08T09:35:24.824Z"}}, {"model": "shop.category", "pk": 9, "fields": {"name": "Парики", "slug": "pariki", "description": "", "image": "categories/21.png", "is_active": true, "created_at": "2026-02-04T01:41:22.422Z", "updated_at": "2026-02-04T01:41:22.422Z"}}, {"model": "shop.category", "pk": 10, "fields": {"name": "Шиньоны", "slug": "shinony", "description": "Качественные шиньоны из современных материалов", "image": "categories/51.png", "is_active": true, "created_at": "2026-02-04T01:41:41.669Z", "updated_at": "2026-02-13T04:07:50.293Z"}}, {"model": "shop.product", "pk": 2, "fields": {"name": "Волосы для наращивания", "slug": "volosy-dlya-narashivaniya", "article": "277783248", "main_image": "products/23.png", "start_price": "9800.00", "discount_percentage": 66, "hair_shade": "other", "color": "блонд", "hair_length": "60см", "hair_width": "", "hair_material": "термоволокно", "number_of_strands": "", "hair_extension_method": "на липкой ленте", "hair_type": "", "country_of_origin": "Россия", "description": "ГУСТЫЕ ВОЛОСЫ ЗА 5 МИНУТ !!\r\nС набором БИОЛЕНТ от нас Вы сможете самостоятельно дома нарастить/загустить волосы. Бионаращивание термоволокном - это бюджетная и экономичная альтернатива натуральным волосам. Залентированы по специальной технологии!\r\n\r\nРЕКОМЕНДАЦИИ: крепление только на вымытый сухой волос; использовать шампунь без масел; наносить бальзамы и маски только на длину, не задевая место крепления и корни волос; сушить не горячим воздухом на местах крепления ( чтобы клеевая основа не потекла); выпрямлять утюжком на температурах 160 градусов.\r\nСрок носки 1,5-2 месяца. Липкий слой на лентах с обеих сторон, ширина скотча 0,8 см. Ленты снимаются раствором на спиртовой основе.\r\nОтлично подходит для загущения висков, придания плотности среза, для удлинения волос только с филированными концами ( НЕ ПОДХОДИТ для наращивания с ровным срезом волос).\r\n\r\nТовар личного пользования. После покупки не возвратный. Проверяйте на пвз, при просмотре возврат можно сделать. Волосы в прозрачной упаковке.", "kit": "подарок; Биоленты 15шт по 1 см", "decoration": "", "package": "", "rating": "4.5", "is_hit": true, "is_available": true, "created_at": "2026-02-04T01:51:05.434Z", "updated_at": "2026-02-22T09:31:55.123Z", "category": [4]}}, {"model": "shop.product", "pk": 3, "fields": {"name": "Хвост", "slug": "hvost", "article": "318182991", "main_image": "products/101.png", "start_price": "5000.00", "discount_percentage": 66, "hair_shade": "other", "color": "холодный русый, холодный блонд", "hair_length": "50см", "hair_width": "", "hair_material": "Канекалон", "number_of_strands": "6 шт", "hair_extension_method": "на резинке", "hair_type": "канекалон", "country_of_origin": "Россия", "description": "Хвост из канекалона. Материал не термостойкий, поэтому накручивать его не рекомендуем, но поддается выпрямлению отпаривателем. Материал шелковистый, по внешнему виду напоминает натуральные волосы. Вес хвоста 80гр (+-5гр), длина 50 см (+-2см). Хвост предназначен для подростков и взрослых. Прекрасно подойдет на подарок подруге или маме. Хвост можно крепить неоднократно. Утром спите на час дольше, так как не требуется мыть ежедневно голову. Длинный волос никогда не выйдет из моды и вы сможете носить желаемый цвет волос без окрашиваний и вреда. В течении дня хвост нужно расчесывать несколько раз. Из хвоста можно делать прически: косу, несколько кос в хвосте, шишку и тд.", "kit": "Хвост из канекалона -1 шт, сетка-1шт, невидимки -4,резинки-5 шт, шпильки-20 шт, подарок -1 шт", "decoration": "", "package": "80г", "rating": "4.5", "is_hit": true, "is_available": true, "created_at": "2026-02-04T02:00:26.702Z", "updated_at": "2026-02-22T09:31:16.517Z", "category": [10, 4]}}, {"model": "shop.product", "pk": 4, "fields": {"name": "Афрорезинка", "slug": "afrorezinka", "article": "116689838", "main_image": "products/24.png", "start_price": "5600.00", "discount_percentage": 66, "hair_shade": "other", "color": "песочный", "hair_length": "65см", "hair_width": "", "hair_material": "Канекалон низкотемпературный", "number_of_strands": "8 шт", "hair_extension_method": "на резинке", "hair_type": "классический для плетения", "country_of_origin": "Россия", "description": "Эксклюзивные многофункциональные афрорезинки для волос из канекалона для детей и взрослых. ( ознакомьтесь с всеми цветами в нашем профиле). Подходят для любых праздничных и повседневных причёсок (спортивный стиль, корпоративный или в школу).С помощью резинки можно увеличить объем волос, длину и добавить оригинальности к вашему образу. С афрорезинкой красиво смотрятся хвосты, косы и шишки ( на фото примеры причесок с афрорезинкой другого цвета, но принцип тот же). Отлично подходит для блондинок и брюнеток. Не боится высоких температур и воды(бани, бассейны),не окрашивается. При бережном отношении служит несколько лет. Примеры причёсок с афрорезиночками смотрите по ссылке на ютьюб канале. В ближайшее время планируем еще больше расширение цветовой палитры.", "kit": "Афрорезинка - 1 шт", "decoration": "", "package": "", "rating": "4.5", "is_hit": true, "is_available": true, "created_at": "2026-02-04T02:06:06.001Z", "updated_at": "2026-02-22T09:30:28.530Z", "category": [8]}}, {"model": "shop.product", "pk": 5, "fields": {"name": "Хвост-коса на резинке французская", "slug": "hvost-kosa-na-rezinke-francuzskaya", "article": "295753172", "main_image": "products/25.png", "start_price": "7200.00", "discount_percentage": 67, "hair_shade": "medium", "color": "красное дерево, шоколадно-коричневый", "hair_length": "65см", "hair_width": "", "hair_material": "Канекалон", "number_of_strands": "", "hair_extension_method": "на резинке", "hair_type": "", "country_of_origin": "Россия", "description": "Хвост-коса легкая и выглядит очень натурально! Объем косы делает вашу причёску густой и богатой! Видео урок по креплению можно получить написав нам по номеру телефона указанному в буклете! Приятных покупок! Если не нашли нужный оттенок, напишите нам в вопросах или в любую соцсеть по названию Бренда и мы расширим палитру.", "kit": "хвост-коса,сетка-1шт,шпильки-20,невидимки-4, канцелярские резинки-5,подарок", "decoration": "", "package": "", "rating": "4.5", "is_hit": false, "is_available": true, "created_at": "2026-02-04T02:14:57.210Z", "updated_at": "2026-02-22T09:29:57.578Z", "category": [8, 5, 4]}}, {"model": "shop.product", "pk": 6, "fields": {"name": "Косы на заколках", "slug": "kosy-na-zakolkah", "article": "223231492", "main_image": "products/26.png", "start_price": "5000.00", "discount_percentage": 66, "hair_shade": "other", "color": "бледно-желтый", "hair_length": "50 см", "hair_width": "", "hair_material": "термоволокно", "number_of_strands": "", "hair_extension_method": "на заколках", "hair_type": "искусственные волосы", "country_of_origin": "Россия", "description": "Косы у лица с украшениями вошли в моду уже как пару лет, но не все могут позволить заплести себе украшения на долгий срок. Мы придумали для вас многофункциональные украшения, которые безопасно крепятся в удобном месте. косы на заколках средней длины, поэтому подойдут на волос от средней длины или по пояс. Длину прядей можно подрезать под длину ваших волос. Можно крепить не только на распущенный волос, но и на хвост, в косу или шишку. Очень красиво смотрятся с локонами.", "kit": "кос для заколках -2 шт; подарок", "decoration": "", "package": "", "rating": "3.9", "is_hit": true, "is_available": true, "created_at": "2026-02-04T02:22:02.459Z", "updated_at": "2026-02-22T09:32:26.183Z", "category": [9, 4]}}, {"model": "shop.product", "pk": 7, "fields": {"name": "Ободок с хвостиками", "slug": "obodok-s-hvostikami", "article": "186920194", "main_image": "products/27.png", "start_price": "7000.00", "discount_percentage": 66, "hair_shade": "other", "color": "песочный", "hair_length": "", "hair_width": "4см", "hair_material": "Канекалон", "number_of_strands": "", "hair_extension_method": "", "hair_type": "", "country_of_origin": "Россия", "description": "Ободок с косой и хвостиками прекрасное дополнение к образу! Мы готовы изготовить индивидуальный оттенок и расширить палитру ободков! Ищите нас в любой соцсети по названию Бренда : студия Наталии Румянцевой\r\nТак же в ассортименте посмотрите ободки без хвостиков. Фотографии с другим цветом ободка приложены для примера причесок с нашим товаром!", "kit": "Ободок , подарок", "decoration": "", "package": "", "rating": "4.5", "is_hit": false, "is_available": true, "created_at": "2026-02-04T02:31:03.873Z", "updated_at": "2026-02-22T09:28:47.724Z", "category": [7]}}, {"model": "shop.product", "pk": 8, "fields": {"name": "Резинка с ажурными косами", "slug": "rezinka-s-azhurnymi-kosami", "article": "159574129", "main_image": "products/28.png", "start_price": "9200.00", "discount_percentage": 66, "hair_shade": "other", "color": "холодный русый", "hair_length": "60см", "hair_width": "", "hair_material": "Канекалон", "number_of_strands": "10шт", "hair_extension_method": "на резинке", "hair_type": "канекалон", "country_of_origin": "Россия", "description": "2 резинки 120 гр Эксклюзивная многофункциональная резинка-ажурная для волос из канекалона для детей и взрослых .Подходят для любых праздничных и повседневных причёсок ( спортивный стиль, корпоративный или в школу).С помощью резинки можно увеличить объем волос, длину и добавить оригинальности к вашему образу.С Резинкой красиво смотрятся хвосты, косы и шишки.Отлично подходит для блондинок и брюнеток.Не боится высоких температур и воды(бани, бассейны),не окрашивается.При бережном отношении служит несколько лет.В ближайшее время планируем расширение цветовой палитры.", "kit": "резинка фонарик 2 шт", "decoration": "", "package": "120г", "rating": "5.0", "is_hit": true, "is_available": true, "created_at": "2026-02-04T02:36:02.993Z", "updated_at": "2026-02-22T09:14:57.299Z", "category": [8, 5]}}, {"model": "shop.product", "pk": 9, "fields": {"name": "Хвост на резинке", "slug": "hvost-na-rezinke", "article": "320151285", "main_image": "products/29.png", "start_price": "6800.00", "discount_percentage": 66, "hair_shade": "other", "color": "пепел, холодный русый", "hair_length": "60см", "hair_width": "", "hair_material": "Канекалон", "number_of_strands": "6 шт", "hair_extension_method": "на резинке", "hair_type": "канекалон", "country_of_origin": "Россия", "description": "Хвост и канекалона на резинке.Материал не термостойкий, поэтому накручивать его не рекомендуем, но поддается выпрямлению отпаривателем. Материал шелковистый, по внешнему виду напоминает натуральные волосы.Вес хвоста 110гр (+-5гр), длина 60 см (+-2см). хвост предназначен для подростков и взрослых. Прекрасно подойдет на подарок подруге или маме. Хвост можно крепить неоднократно. Утром спите на час дольше, так как не требуется мыть ежедневно голову.Длинный волос никогда не выйдет из моды и вы сможете носить желаемый цвет волос без окрашиваний и вреда.В течении дня хвост нужно расчесывать несколько раз. Из хвоста можно делать прически: косу, несколько кос в хвосте, шишку и тд.", "kit": "хвост, комплектующие для крепления,подарок", "decoration": "", "package": "110гр", "rating": "4.5", "is_hit": true, "is_available": true, "created_at": "2026-02-04T02:42:15.762Z", "updated_at": "2026-02-22T09:28:03.844Z", "category": [10, 8, 4]}}, {"model": "shop.product", "pk": 10, "fields": {"name": "Хвост-коса на резинке", "slug": "hvost-kosa-na-rezinke", "article": "159011846", "main_image": "products/30.png", "start_price": "9000.00", "discount_percentage": 66, "hair_shade": "other", "color": "молочный шоколад", "hair_length": "110см", "hair_width": "", "hair_material": "Канекалон", "number_of_strands": "4шт", "hair_extension_method": "на резинке", "hair_type": "канекалон", "country_of_origin": "Россия", "description": "Коса на резинке из канекалона. Материал не термостойкий, поэтому его не рекомендуем выпрямлять щипцами, но поддается выпрямлению отпаривателем. Материал шелковистый, по внешнему виду напоминает натуральные волосы.Вес хвоста 200гр (+-5гр), длина 110см (+-2см). Коса предназначена для взрослых. Прекрасно подойдет на подарок. Косу можно крепить неоднократно. Утром спите на час дольше, так как не требуется мыть ежедневно голову. Длинный волос никогда не выйдет из моды и вы сможете носить желаемый цвет волос без окрашиваний и вреда.\r\nКоса на модели для примера и в длине 110 см", "kit": "хвост-коса-1шт,шпильки 20шт, резинки канцелярские 5шт. невидимки2 шт.шпильки-20шт,сетка 1шт", "decoration": "", "package": "200гр", "rating": "4.7", "is_hit": true, "is_available": true, "created_at": "2026-02-04T02:47:09.396Z", "updated_at": "2026-02-28T08:01:57.090Z", "category": [8, 4]}}, {"model": "shop.product", "pk": 11, "fields": {"name": "Ободок с хвостиками", "slug": "obodok-s-hvostikami", "article": "302406533", "main_image": "products/31.png", "start_price": "4600.00", "discount_percentage": 50, "hair_shade": "other", "color": "шоколадный, желтый", "hair_length": "", "hair_width": "", "hair_material": "Канекалон", "number_of_strands": "", "hair_extension_method": "", "hair_type": "", "country_of_origin": "Россия", "description": "Ободок и хвостиками и бантиками прекрасное дополнен лю образу! Мы готовы изготовить индивидуальный оттенок и расширить палитру ободков! Ищите нас в любой соцсети по названию Бренда : студия Наталии Румянцевой\r\nТак же в ассортименте посмотрите ободки без хвостиков. Фотографии с другим цветом ободка приложены для примера причесок с нашим товаром!", "kit": "Ободок , подарок", "decoration": "Бантики, хвостики", "package": "", "rating": "2.3", "is_hit": false, "is_available": true, "created_at": "2026-02-04T02:53:07.028Z", "updated_at": "2026-02-28T08:00:00.015Z", "category": [7]}}, {"model": "shop.product", "pk": 12, "fields": {"name": "Ободок", "slug": "obodok", "article": "333751292", "main_image": "products/32.png", "start_price": "4000.00", "discount_percentage": 72, "hair_shade": "light", "color": "светло-русый, пшеничный", "hair_length": "", "hair_width": "2см", "hair_material": "Канекалон", "number_of_strands": "", "hair_extension_method": "", "hair_type": "", "country_of_origin": "Россия", "description": "Ободок с 1 косой прекрасное дополнение к образу! Мы готовы изготовить индивидуальный оттенок и расширить палитру ободков! Ищите нас в любой соцсети по названию Бренда : студия Наталии Румянцевой\r\nТак же в ассортименте посмотрите ободки с хвостами и французской косой", "kit": "Ободок, подарок", "decoration": "Коса", "package": "", "rating": "3.7", "is_hit": true, "is_available": true, "created_at": "2026-02-04T02:58:23.716Z", "updated_at": "2026-02-28T07:59:26.950Z", "category": [7]}}, {"model": "shop.product", "pk": 13, "fields": {"name": "Волосы для наращивания", "slug": "volosy-dlya-narashivaniya", "article": "326587478", "main_image": "products/53.png", "start_price": "15400.00", "discount_percentage": 75, "hair_shade": "dark", "color": "шоколадно-коричневый", "hair_length": "70см", "hair_width": "", "hair_material": "термоволокно", "number_of_strands": "", "hair_extension_method": "на липкой ленте", "hair_type": "", "country_of_origin": "Россия", "description": "ГУСТЫЕ ВОЛОСЫ ЗА 5 МИНУТ !!\r\nС набором МНОГОРАЗОВЫХ БИОЛЕНТ от нас Вы сможете самостоятельно дома нарастить/загустить волосы. Бионаращивание альтернатива натуральным волосам. Залентированы по специальной технологии!\r\n\r\nРЕКОМЕНДАЦИИ: крепление только на вымытый сухой волос; использовать шампунь без масел; наносить бальзамы и маски только на длину, не задевая место крепления и корни волос; сушить не горячим воздухом на местах крепления ( чтобы клеевая основа не потекла); выпрямлять утюжком на температурах 160 градусов.\r\nСрок носки 1,5-2 месяца. Липкий слой на лентах с обеих сторон, ширина скотча 0,8 см. Ленты снимаются раствором на спиртовой основе.\r\nОтлично подходит для загущения висков, придания плотности среза, для удлинения волос только с филированными концами ( НЕ ПОДХОДИТ для наращивания с ровным срезом волос).\r\n\r\nТовар личного пользования. После покупки не возвратный. Проверяйте на пвз, при просмотре возврат можно сделать. Волосы в прозрачной упаковке.\r\nСкот для коррекции можно заказать отдельно.", "kit": "Биоленты-4шт; подарок", "decoration": "", "package": "", "rating": "3.5", "is_hit": false, "is_available": true, "created_at": "2026-02-22T09:50:17.964Z", "updated_at": "2026-02-27T10:39:52.584Z", "category": [10, 4]}}, {"model": "shop.productimage", "pk": 1, "fields": {"product": 13, "image": "products/gallery/531.png", "created_at": "2026-02-27T10:39:52.894Z"}}, {"model": "shop.productimage", "pk": 2, "fields": {"product": 13, "image": "products/gallery/532.png", "created_at": "2026-02-27T10:39:53.024Z"}}, {"model": "shop.productimage", "pk": 3, "fields": {"product": 13, "image": "products/gallery/533.png", "created_at": "2026-02-27T10:39:53.133Z"}}, {"model": "shop.productimage", "pk": 4, "fields": {"product": 13, "image": "products/gallery/534.png", "created_at": "2026-02-27T10:39:53.240Z"}}, {"model": "shop.productimage", "pk": 5, "fields": {"product": 13, "image": "products/gallery/535.png", "created_at": "2026-02-27T10:39:53.345Z"}}, {"model": "shop.productimage", "pk": 6, "fields": {"product": 12, "image": "products/gallery/321.png", "created_at": "2026-02-28T07:59:27.477Z"}}, {"model": "shop.productimage", "pk": 7, "fields": {"product": 12, "image": "products/gallery/322.png", "created_at": "2026-02-28T07:59:27.652Z"}}, {"model": "shop.productimage", "pk": 8, "fields": {"product": 12, "image": "products/gallery/323.png", "created_at": "2026-02-28T07:59:27.811Z"}}, {"model": "shop.productimage", "pk": 9, "fields": {"product": 12, "image": "products/gallery/324.png", "created_at": "2026-02-28T07:59:27.975Z"}}, {"model": "shop.productimage", "pk": 10, "fields": {"product": 11, "image": "products/gallery/311.png", "created_at": "2026-02-28T08:00:00.332Z"}}, {"model": "shop.productimage", "pk": 11, "fields": {"product": 10, "image": "products/gallery/301.png", "created_at": "2026-02-28T08:01:57.431Z"}}, {"model": "shop.productimage", "pk": 12, "fields": {"product": 10, "image": "products/gallery/302.png", "created_at": "2026-02-28T08:01:57.596Z"}}, {"model": "shop.productimage", "pk": 13, "fields": {"product": 10, "image": "products/gallery/303.png", "created_at": "2026-02-28T08:01:57.781Z"}}, {"model": "shop.productimage", "pk": 14, "fields": {"product": 10, "image": "products/gallery/304.png", "created_at": "2026-02-28T08:01:57.936Z"}}, {"model": "shop.productimage", "pk": 15, "fields": {"product": 10, "image": "products/gallery/305.png", "created_at": "2026-02-28T08:01:58.085Z"}}, {"model": "shop.productimage", "pk": 16, "fields": {"product": 10, "image": "products/gallery/306.png", "created_at": "2026-02-28T08:01:58.256Z"}}, {"model": "shop.productimage", "pk": 17, "fields": {"product": 10, "image": "products/gallery/307.png", "created_at": "2026-02-28T08:01:58.417Z"}}, {"model": "shop.productimage", "pk": 18, "fields": {"product": 10, "image": "products/gallery/308.png", "created_at": "2026-02-28T08:01:58.586Z"}}, {"model": "shop.favorite", "pk": 1, "fields": {"user": ["AnreX"], "product": 12, "created_at": "2026-03-02T23:57:45.810Z"}}, {"model": "shop.favorite", "pk": 2, "fields": {"user": ["AnreX"], "product": 10, "created_at": "2026-03-03T00:15:12.092Z"}}, {"model": "shop.favorite", "pk": 4, "fields": {"user": ["AnreX"], "product": 8, "created_at": "2026-03-03T01:36:51.267Z"}}, {"model": "shop.favorite", "pk": 6, "fields": {"user": ["Таня"], "product": 12, "created_at": "2026-03-03T03:08:48.979Z"}}, {"model": "shop.favorite", "pk": 8, "fields": {"user": ["Таня"], "product": 2, "created_at": "2026-03-03T03:09:31.004Z"}}, {"model": "shop.favorite", "pk": 9, "fields": {"user": ["Таня"], "product": 3, "created_at": "2026-03-03T03:09:31.988Z"}}, {"model": "shop.favorite", "pk": 10, "fields": {"user": ["Таня"], "product": 4, "created_at": "2026-03-03T03:09:32.950Z"}}, {"model": "shop.cart", "pk": 5, "fields": {"user": ["Дима"], "created_at": "2026-03-02T16:13:28.032Z", "updated_at": "2026-03-02T16:13:28.032Z"}}, {"model": "shop.cart", "pk": 6, "fields": {"user": ["Таня"], "created_at": "2026-03-02T16:14:21.785Z", "updated_at": "2026-03-02T16:14:21.785Z"}}, {"model": "admin.logentry", "pk": 1, "fields": {"action_time": "2026-01-29T00:22:54.849Z", "user": ["AnreX"], "content_type": ["shop", "category"], "object_id": "1", "object_repr": "волосы для наращивания", "action_flag": 1, "change_message": "[{\"added\": {}}]"}}, {"model": "admin.logentry", "pk": 2, "fields": {"action_time": "2026-01-29T00:23:04.485Z", "user": ["AnreX"], "content_type": ["shop", "category"], "object_id": "2", "object_repr": "хвост на резинке", "action_flag": 1, "change_message": "[{\"added\": {}}]"}}, {"model": "admin.logentry", "pk": 3, "fields": {"action_time": "2026-01-29T00:23:49.473Z", "user": ["AnreX"], "content_type": ["shop", "category"], "object_id": "3", "object_repr": "хвост на резинке харли", "action_flag": 1, "change_message": "[{\"added\": {}}]"}}, {"model": "admin.logentry", "pk": 4, "fields": {"action_time": "2026-01-29T00:29:40.132Z", "user": ["AnreX"], "content_type": ["shop", "category"], "object_id": "3", "object_repr": "хвост на резинке харли", "action_flag": 3, "change_message": ""}}, {"model": "admin.logentry", "pk": 5, "fields": {"action_time": "2026-02-02T06:35:45.301Z", "user": ["AnreX"], "content_type": ["shop", "category"], "object_id": "2", "object_repr": "хвост на резинке", "action_flag": 3, "change_message": ""}}, {"model": "admin.logentry", "pk": 6, "fields": {"action_time": "2026-02-02T06:35:45.301Z", "user": ["AnreX"], "content_type": ["shop", "category"], "object_id": "1", "object_repr": "волосы для наращивания", "action_flag": 3, "change_message": ""}}, {"model": "admin.logentry", "pk": 7, "fields": {"action_time": "2026-02-03T01:15:22.163Z", "user": ["AnreX"], "content_type": ["shop", "siteassets"], "object_id": "1", "object_repr": "SiteAssets object (1)", "action_flag": 1, "change_message": "[{\"added\": {}}]"}}, {"model": "admin.logentry", "pk": 8, "fields": {"action_time": "2026-02-03T01:38:42.198Z", "user": ["AnreX"], "content_type": ["shop", "siteassets"], "object_id": "2", "object_repr": "SiteAssets object (2)", "action_flag": 1, "change_message": "[{\"added\": {}}]"}}, {"model": "admin.logentry", "pk": 9, "fields": {"action_time": "2026-02-03T01:41:30.825Z", "user": ["AnreX"], "content_type": ["shop", "siteassets"], "object_id": "2", "object_repr": "SiteAssets object (2)", "action_flag": 2, "change_message": "[{\"changed\": {\"fields\": [\"\\u041e\\u043f\\u0438\\u0441\\u0430\\u043d\\u0438\\u0435\"]}}]"}}, {"model": "admin.logentry", "pk": 10, "fields": {"action_time": "2026-02-03T01:45:13.235Z", "user": ["AnreX"], "content_type": ["shop", "siteassets"], "object_id": "2", "object_repr": "SiteAssets object (2)", "action_flag": 2, "change_message": "[{\"changed\": {\"fields\": [\"\\u041f\\u0440\\u0438\\u043c\\u0435\\u0447\\u0430\\u043d\\u0438\\u0435\"]}}]"}}, {"model": "admin.logentry", "pk": 11, "fields": {"action_time": "2026-02-03T01:45:29.423Z", "user": ["AnreX"], "content_type": ["shop", "siteassets"], "object_id": "1", "object_repr": "SiteAssets object (1)", "action_flag": 2, "change_message": "[{\"changed\": {\"fields\": [\"\\u041f\\u0440\\u0438\\u043c\\u0435\\u0447\\u0430\\u043d\\u0438\\u0435\"]}}]"}}, {"model": "admin.logentry", "pk": 12, "fields": {"action_time": "2026-02-03T01:45:48.285Z", "user": ["AnreX"], "content_type": ["shop", "siteassets"], "object_id": "2", "object_repr": "SiteAssets object (2)", "action_flag": 2, "change_message": "[{\"changed\": {\"fields\": [\"\\u041f\\u0440\\u0438\\u043c\\u0435\\u0447\\u0430\\u043d\\u0438\\u0435\"]}}]"}}, {"model": "admin.logentry", "pk": 13, "fields": {"action_time": "2026-02-03T05:31:20.175Z", "user": ["AnreX"], "content_type": ["shop", "siteassets"], "object_id": "1", "object_repr": "SiteAssets object (1)", "action_flag": 2, "change_message": "[{\"changed\": {\"fields\": [\"\\u0418\\u0437\\u043e\\u0431\\u0440\\u0430\\u0436\\u0435\\u043d\\u0438\\u0435\"]}}]"}}, {"model": "admin.logentry", "pk": 14, "fields": {"action_time": "2026-02-03T07:12:14.664Z", "user": ["AnreX"], "content_type": ["shop", "siteassets"], "object_id": "3", "object_repr": "SiteAssets object (3)", "action_flag": 1, "change_message": "[{\"added\": {}}]"}}, {"model": "admin.logentry", "pk": 15, "fields": {"action_time": "2026-02-03T07:26:47.297Z", "user": ["AnreX"], "content_type": ["shop", "siteassets"], "object_id": "3", "object_repr": "SiteAssets object (3)", "action_flag": 2, "change_message": "[{\"changed\": {\"fields\": [\"\\u041e\\u043f\\u0438\\u0441\\u0430\\u043d\\u0438\\u0435\"]}}]"}}, {"model": "admin.logentry", "pk": 16, "fields": {"action_time": "2026-02-03T07:31:38.069Z", "user": ["AnreX"], "content_type": ["shop", "siteassets"], "object_id": "3", "object_repr": "SiteAssets object (3)", "action_flag": 2, "change_message": "[{\"changed\": {\"fields\": [\"\\u041e\\u043f\\u0438\\u0441\\u0430\\u043d\\u0438\\u0435\"]}}]"}}, {"model": "admin.logentry", "pk": 17, "fields": {"action_time": "2026-02-03T07:58:17.217Z", "user": ["AnreX"], "content_type": ["shop", "siteassets"], "object_id": "3", "object_repr": "SiteAssets object (3)", "action_flag": 2, "change_message": "[{\"changed\": {\"fields\": [\"\\u041e\\u043f\\u0438\\u0441\\u0430\\u043d\\u0438\\u0435\"]}}]"}}, {"model": "admin.logentry", "pk": 18, "fields": {"action_time": "2026-02-03T07:58:43.820Z", "user": ["AnreX"], "content_type": ["shop", "siteassets"], "object_id": "3", "object_repr": "SiteAssets object (3)", "action_flag": 2, "change_message": "[{\"changed\": {\"fields\": [\"\\u041e\\u043f\\u0438\\u0441\\u0430\\u043d\\u0438\\u0435\"]}}]"}}, {"model": "admin.logentry", "pk": 19, "fields": {"action_time": "2026-02-03T08:21:29.854Z", "user": ["AnreX"], "content_type": ["shop", "siteassets"], "object_id": "2", "object_repr": "SiteAssets object (2)", "action_flag": 2, "change_message": "[{\"changed\": {\"fields\": [\"\\u041e\\u043f\\u0438\\u0441\\u0430\\u043d\\u0438\\u0435\"]}}]"}}, {"model": "admin.logentry", "pk": 20, "fields": {"action_time": "2026-02-03T08:21:57.639Z", "user": ["AnreX"], "content_type": ["shop", "siteassets"], "object_id": "2", "object_repr": "SiteAssets object (2)", "action_flag": 2, "change_message": "[{\"changed\": {\"fields\": [\"\\u041e\\u043f\\u0438\\u0441\\u0430\\u043d\\u0438\\u0435\"]}}]"}}, {"model": "admin.logentry", "pk": 21, "fields": {"action_time": "2026-02-03T08:34:09.507Z", "user": ["AnreX"], "content_type": ["shop", "siteassets"], "object_id": "2", "object_repr": "SiteAssets object (2)", "action_flag": 2, "change_message": "[{\"changed\": {\"fields\": [\"\\u041e\\u043f\\u0438\\u0441\\u0430\\u043d\\u0438\\u0435\"]}}]"}}, {"model": "admin.logentry", "pk": 22, "fields": {"action_time": "2026-02-03T08:37:46.136Z", "user": ["AnreX"], "content_type": ["shop", "siteassets"], "object_id": "2", "object_repr": "SiteAssets object (2)", "action_flag": 2, "change_message": "[{\"changed\": {\"fields\": [\"\\u041e\\u043f\\u0438\\u0441\\u0430\\u043d\\u0438\\u0435\"]}}]"}}, {"model": "admin.logentry", "pk": 23, "fields": {"action_time": "2026-02-03T08:51:58.857Z", "user": ["AnreX"], "content_type": ["shop", "siteassets"], "object_id": "4", "object_repr": "SiteAssets object (4)", "action_flag": 1, "change_message": "[{\"added\": {}}]"}}, {"model": "admin.logentry", "pk": 24, "fields": {"action_time": "2026-02-03T08:52:39.037Z", "user": ["AnreX"], "content_type": ["shop", "siteassets"], "object_id": "5", "object_repr": "SiteAssets object (5)", "action_flag": 1, "change_message": "[{\"added\": {}}]"}}, {"model": "admin.logentry", "pk": 25, "fields": {"action_time": "2026-02-03T08:53:23.681Z", "user": ["AnreX"], "content_type": ["shop", "siteassets"], "object_id": "6", "object_repr": "SiteAssets object (6)", "action_flag": 1, "change_message": "[{\"added\": {}}]"}}, {"model": "admin.logentry", "pk": 26, "fields": {"action_time": "2026-02-03T08:53:53.282Z", "user": ["AnreX"], "content_type": ["shop", "siteassets"], "object_id": "7", "object_repr": "SiteAssets object (7)", "action_flag": 1, "change_message": "[{\"added\": {}}]"}}, {"model": "admin.logentry", "pk": 27, "fields": {"action_time": "2026-02-03T09:07:11.530Z", "user": ["AnreX"], "content_type": ["shop", "siteassets"], "object_id": "7", "object_repr": "SiteAssets object (7)", "action_flag": 2, "change_message": "[{\"changed\": {\"fields\": [\"\\u041d\\u0430\\u0437\\u0432\\u0430\\u043d\\u0438\\u0435\"]}}]"}}, {"model": "admin.logentry", "pk": 28, "fields": {"action_time": "2026-02-03T09:17:44.954Z", "user": ["AnreX"], "content_type": ["shop", "siteassets"], "object_id": "7", "object_repr": "SiteAssets object (7)", "action_flag": 2, "change_message": "[{\"changed\": {\"fields\": [\"\\u041d\\u0430\\u0437\\u0432\\u0430\\u043d\\u0438\\u0435\", \"\\u041e\\u043f\\u0438\\u0441\\u0430\\u043d\\u0438\\u0435\"]}}]"}}, {"model": "admin.logentry", "pk": 29, "fields": {"action_time": "2026-02-03T09:50:37.568Z", "user": ["AnreX"], "content_type": ["shop", "siteassets"], "object_id": "8", "object_repr": "SiteAssets object (8)", "action_flag": 1, "change_message": "[{\"added\": {}}]"}}, {"model": "admin.logentry", "pk": 30, "fields": {"action_time": "2026-02-03T09:51:41.267Z", "user": ["AnreX"], "content_type": ["shop", "siteassets"], "object_id": "9", "object_repr": "SiteAssets object (9)", "action_flag": 1, "change_message": "[{\"added\": {}}]"}}, {"model": "admin.logentry", "pk": 31, "fields": {"action_time": "2026-02-03T09:52:44.241Z", "user": ["AnreX"], "content_type": ["shop", "siteassets"], "object_id": "8", "object_repr": "SiteAssets object (8)", "action_flag": 2, "change_message": "[{\"changed\": {\"fields\": [\"\\u041e\\u043f\\u0438\\u0441\\u0430\\u043d\\u0438\\u0435\"]}}]"}}, {"model": "admin.logentry", "pk": 32, "fields": {"action_time": "2026-02-03T09:53:03.112Z", "user": ["AnreX"], "content_type": ["shop", "siteassets"], "object_id": "9", "object_repr": "SiteAssets object (9)", "action_flag": 2, "change_message": "[{\"changed\": {\"fields\": [\"\\u041e\\u043f\\u0438\\u0441\\u0430\\u043d\\u0438\\u0435\"]}}]"}}, {"model": "admin.logentry", "pk": 33, "fields": {"action_time": "2026-02-03T11:04:23.254Z", "user": ["AnreX"], "content_type": ["shop", "category"], "object_id": "4", "object_repr": "Волосы для наращивания", "action_flag": 1, "change_message": "[{\"added\": {}}]"}}, {"model": "admin.logentry", "pk": 34, "fields": {"action_time": "2026-02-03T11:13:54.689Z", "user": ["AnreX"], "content_type": ["shop", "category"], "object_id": "5", "object_repr": "Канекалон", "action_flag": 1, "change_message": "[{\"added\": {}}]"}}, {"model": "admin.logentry", "pk": 35, "fields": {"action_time": "2026-02-03T11:16:55.677Z", "user": ["AnreX"], "content_type": ["shop", "category"], "object_id": "6", "object_repr": "Хвосты на резинке", "action_flag": 1, "change_message": "[{\"added\": {}}]"}}, {"model": "admin.logentry", "pk": 36, "fields": {"action_time": "2026-02-03T11:19:40.176Z", "user": ["AnreX"], "content_type": ["shop", "category"], "object_id": "4", "object_repr": "Волосы для наращивания", "action_flag": 2, "change_message": "[{\"changed\": {\"fields\": [\"\\u0418\\u0437\\u043e\\u0431\\u0440\\u0430\\u0436\\u0435\\u043d\\u0438\\u0435\"]}}]"}}, {"model": "admin.logentry", "pk": 37, "fields": {"action_time": "2026-02-03T11:21:32.546Z", "user": ["AnreX"], "content_type": ["shop", "category"], "object_id": "7", "object_repr": "Ободки", "action_flag": 1, "change_message": "[{\"added\": {}}]"}}, {"model": "admin.logentry", "pk": 38, "fields": {"action_time": "2026-02-03T11:24:48.846Z", "user": ["AnreX"], "content_type": ["shop", "category"], "object_id": "8", "object_repr": "Резинки", "action_flag": 1, "change_message": "[{\"added\": {}}]"}}, {"model": "admin.logentry", "pk": 39, "fields": {"action_time": "2026-02-03T11:29:28.201Z", "user": ["AnreX"], "content_type": ["shop", "product"], "object_id": "1", "object_repr": "Афрорезинка", "action_flag": 1, "change_message": "[{\"added\": {}}]"}}, {"model": "admin.logentry", "pk": 40, "fields": {"action_time": "2026-02-03T11:53:24.796Z", "user": ["AnreX"], "content_type": ["shop", "product"], "object_id": "1", "object_repr": "Афрорезинка", "action_flag": 3, "change_message": ""}}, {"model": "admin.logentry", "pk": 41, "fields": {"action_time": "2026-02-04T01:37:48.783Z", "user": ["AnreX"], "content_type": ["shop", "category"], "object_id": "6", "object_repr": "Хвосты на резинке", "action_flag": 3, "change_message": ""}}, {"model": "admin.logentry", "pk": 42, "fields": {"action_time": "2026-02-04T01:41:22.428Z", "user": ["AnreX"], "content_type": ["shop", "category"], "object_id": "9", "object_repr": "Парики", "action_flag": 1, "change_message": "[{\"added\": {}}]"}}, {"model": "admin.logentry", "pk": 43, "fields": {"action_time": "2026-02-04T01:41:41.671Z", "user": ["AnreX"], "content_type": ["shop", "category"], "object_id": "10", "object_repr": "Шиньоны", "action_flag": 1, "change_message": "[{\"added\": {}}]"}}, {"model": "admin.logentry", "pk": 44, "fields": {"action_time": "2026-02-04T01:51:05.465Z", "user": ["AnreX"], "content_type": ["shop", "product"], "object_id": "2", "object_repr": "Волосы для наращивания", "action_flag": 1, "change_message": "[{\"added\": {}}]"}}, {"model": "admin.logentry", "pk": 45, "fields": {"action_time": "2026-02-04T02:00:26.723Z", "user": ["AnreX"], "content_type": ["shop", "product"], "object_id": "3", "object_repr": "Хвост", "action_flag": 1, "change_message": "[{\"added\": {}}]"}}, {"model": "admin.logentry", "pk": 46, "fields": {"action_time": "2026-02-04T02:06:06.012Z", "user": ["AnreX"], "content_type": ["shop", "product"], "object_id": "4", "object_repr": "Афрорезинка", "action_flag": 1, "change_message": "[{\"added\": {}}]"}}, {"model": "admin.logentry", "pk": 47, "fields": {"action_time": "2026-02-04T02:09:34.447Z", "user": ["AnreX"], "content_type": ["shop", "product"], "object_id": "4", "object_repr": "Афрорезинка", "action_flag": 2, "change_message": "[{\"changed\": {\"fields\": [\"\\u041a\\u043e\\u043b\\u0438\\u0447\\u0435\\u0441\\u0442\\u0432\\u043e \\u043f\\u0440\\u044f\\u0434\\u0435\\u0439\"]}}]"}}, {"model": "admin.logentry", "pk": 48, "fields": {"action_time": "2026-02-04T02:09:57.720Z", "user": ["AnreX"], "content_type": ["shop", "product"], "object_id": "3", "object_repr": "Хвост", "action_flag": 2, "change_message": "[{\"changed\": {\"fields\": [\"\\u041a\\u043e\\u043b\\u0438\\u0447\\u0435\\u0441\\u0442\\u0432\\u043e \\u043f\\u0440\\u044f\\u0434\\u0435\\u0439\"]}}]"}}, {"model": "admin.logentry", "pk": 49, "fields": {"action_time": "2026-02-04T02:10:42.089Z", "user": ["AnreX"], "content_type": ["shop", "product"], "object_id": "2", "object_repr": "Волосы для наращивания", "action_flag": 2, "change_message": "[]"}}, {"model": "admin.logentry", "pk": 50, "fields": {"action_time": "2026-02-04T02:14:57.226Z", "user": ["AnreX"], "content_type": ["shop", "product"], "object_id": "5", "object_repr": "Хвост-коса на резинке французская", "action_flag": 1, "change_message": "[{\"added\": {}}]"}}, {"model": "admin.logentry", "pk": 51, "fields": {"action_time": "2026-02-04T02:15:12.993Z", "user": ["AnreX"], "content_type": ["shop", "product"], "object_id": "4", "object_repr": "Афрорезинка", "action_flag": 2, "change_message": "[{\"changed\": {\"fields\": [\"\\u041c\\u0435\\u0442\\u043e\\u0434 \\u043f\\u0440\\u0438\\u043a\\u0440\\u0435\\u043f\\u043b\\u0435\\u043d\\u0438\\u044f\"]}}]"}}, {"model": "admin.logentry", "pk": 52, "fields": {"action_time": "2026-02-04T02:15:24.362Z", "user": ["AnreX"], "content_type": ["shop", "product"], "object_id": "3", "object_repr": "Хвост", "action_flag": 2, "change_message": "[{\"changed\": {\"fields\": [\"\\u041c\\u0435\\u0442\\u043e\\u0434 \\u043f\\u0440\\u0438\\u043a\\u0440\\u0435\\u043f\\u043b\\u0435\\u043d\\u0438\\u044f\"]}}]"}}, {"model": "admin.logentry", "pk": 53, "fields": {"action_time": "2026-02-04T02:15:30.882Z", "user": ["AnreX"], "content_type": ["shop", "product"], "object_id": "2", "object_repr": "Волосы для наращивания", "action_flag": 2, "change_message": "[]"}}, {"model": "admin.logentry", "pk": 54, "fields": {"action_time": "2026-02-04T02:22:02.473Z", "user": ["AnreX"], "content_type": ["shop", "product"], "object_id": "6", "object_repr": "косы на заколках", "action_flag": 1, "change_message": "[{\"added\": {}}]"}}, {"model": "admin.logentry", "pk": 55, "fields": {"action_time": "2026-02-04T02:31:03.885Z", "user": ["AnreX"], "content_type": ["shop", "product"], "object_id": "7", "object_repr": "Ободок с хвостиками", "action_flag": 1, "change_message": "[{\"added\": {}}]"}}, {"model": "admin.logentry", "pk": 56, "fields": {"action_time": "2026-02-04T02:31:15.175Z", "user": ["AnreX"], "content_type": ["shop", "product"], "object_id": "7", "object_repr": "Ободок с хвостиками", "action_flag": 2, "change_message": "[{\"changed\": {\"fields\": [\"\\u0413\\u043b\\u0430\\u0432\\u043d\\u043e\\u0435 \\u0438\\u0437\\u043e\\u0431\\u0440\\u0430\\u0436\\u0435\\u043d\\u0438\\u0435\"]}}]"}}, {"model": "admin.logentry", "pk": 57, "fields": {"action_time": "2026-02-04T02:36:03.009Z", "user": ["AnreX"], "content_type": ["shop", "product"], "object_id": "8", "object_repr": "Резинка с ажурными косами", "action_flag": 1, "change_message": "[{\"added\": {}}]"}}, {"model": "admin.logentry", "pk": 58, "fields": {"action_time": "2026-02-04T02:42:15.776Z", "user": ["AnreX"], "content_type": ["shop", "product"], "object_id": "9", "object_repr": "хвост на резинке", "action_flag": 1, "change_message": "[{\"added\": {}}]"}}, {"model": "admin.logentry", "pk": 59, "fields": {"action_time": "2026-02-04T02:47:09.408Z", "user": ["AnreX"], "content_type": ["shop", "product"], "object_id": "10", "object_repr": "Хвост-коса на резинке", "action_flag": 1, "change_message": "[{\"added\": {}}]"}}, {"model": "admin.logentry", "pk": 60, "fields": {"action_time": "2026-02-04T02:53:07.040Z", "user": ["AnreX"], "content_type": ["shop", "product"], "object_id": "11", "object_repr": "Ободок с хвостиками", "action_flag": 1, "change_message": "[{\"added\": {}}]"}}, {"model": "admin.logentry", "pk": 61, "fields": {"action_time": "2026-02-04T02:58:23.730Z", "user": ["AnreX"], "content_type": ["shop", "product"], "object_id": "12", "object_repr": "Ободок", "action_flag": 1, "change_message": "[{\"added\": {}}]"}}, {"model": "admin.logentry", "pk": 62, "fields": {"action_time": "2026-02-08T07:13:37.307Z", "user": ["AnreX"], "content_type": ["shop", "category"], "object_id": "10", "object_repr": "Шиньоны", "action_flag": 2, "change_message": "[{\"changed\": {\"fields\": [\"\\u041e\\u043f\\u0438\\u0441\\u0430\\u043d\\u0438\\u0435\"]}}]"}}, {"model": "admin.logentry", "pk": 63, "fields": {"action_time": "2026-02-08T09:27:02.104Z", "user": ["AnreX"], "content_type": ["shop", "category"], "object_id": "10", "object_repr": "Шиньоны", "action_flag": 2, "change_message": "[{\"changed\": {\"fields\": [\"\\u041e\\u043f\\u0438\\u0441\\u0430\\u043d\\u0438\\u0435\"]}}]"}}, {"model": "admin.logentry", "pk": 64, "fields": {"action_time": "2026-02-08T09:27:07.721Z", "user": ["AnreX"], "content_type": ["shop", "category"], "object_id": "8", "object_repr": "Резинки", "action_flag": 2, "change_message": "[{\"changed\": {\"fields\": [\"\\u041e\\u043f\\u0438\\u0441\\u0430\\u043d\\u0438\\u0435\"]}}]"}}, {"model": "admin.logentry", "pk": 65, "fields": {"action_time": "2026-02-08T09:27:17.293Z", "user": ["AnreX"], "content_type": ["shop", "category"], "object_id": "5", "object_repr": "Канекалон", "action_flag": 2, "change_message": "[]"}}, {"model": "admin.logentry", "pk": 66, "fields": {"action_time": "2026-02-08T09:27:23.637Z", "user": ["AnreX"], "content_type": ["shop", "category"], "object_id": "10", "object_repr": "Шиньоны", "action_flag": 2, "change_message": "[]"}}, {"model": "admin.logentry", "pk": 67, "fields": {"action_time": "2026-02-08T09:27:29.122Z", "user": ["AnreX"], "content_type": ["shop", "category"], "object_id": "5", "object_repr": "Канекалон", "action_flag": 2, "change_message": "[{\"changed\": {\"fields\": [\"\\u041e\\u043f\\u0438\\u0441\\u0430\\u043d\\u0438\\u0435\"]}}]"}}, {"model": "admin.logentry", "pk": 68, "fields": {"action_time": "2026-02-08T09:35:17.853Z", "user": ["AnreX"], "content_type": ["shop", "category"], "object_id": "10", "object_repr": "Шиньоны", "action_flag": 2, "change_message": "[{\"changed\": {\"fields\": [\"\\u041e\\u043f\\u0438\\u0441\\u0430\\u043d\\u0438\\u0435\"]}}]"}}, {"model": "admin.logentry", "pk": 69, "fields": {"action_time": "2026-02-08T09:35:24.826Z", "user": ["AnreX"], "content_type": ["shop", "category"], "object_id": "8", "object_repr": "Резинки", "action_flag": 2, "change_message": "[{\"changed\": {\"fields\": [\"\\u041e\\u043f\\u0438\\u0441\\u0430\\u043d\\u0438\\u0435\"]}}]"}}, {"model": "admin.logentry", "pk": 70, "fields": {"action_time": "2026-02-08T09:35:33.954Z", "user": ["AnreX"], "content_type": ["shop", "category"], "object_id": "5", "object_repr": "Канекалон", "action_flag": 2, "change_message": "[{\"changed\": {\"fields\": [\"\\u041e\\u043f\\u0438\\u0441\\u0430\\u043d\\u0438\\u0435\"]}}]"}}, {"model": "admin.logentry", "pk": 71, "fields": {"action_time": "2026-02-10T23:21:17.537Z", "user": ["AnreX"], "content_type": ["shop", "product"], "object_id": "12", "object_repr": "Ободок", "action_flag": 2, "change_message": "[{\"changed\": {\"fields\": [\"\\u0425\\u0438\\u0442 \\u043f\\u0440\\u043e\\u0434\\u0430\\u0436\"]}}]"}}, {"model": "admin.logentry", "pk": 72, "fields": {"action_time": "2026-02-10T23:21:17.746Z", "user": ["AnreX"], "content_type": ["shop", "product"], "object_id": "10", "object_repr": "Хвост-коса на резинке", "action_flag": 2, "change_message": "[{\"changed\": {\"fields\": [\"\\u0425\\u0438\\u0442 \\u043f\\u0440\\u043e\\u0434\\u0430\\u0436\"]}}]"}}, {"model": "admin.logentry", "pk": 73, "fields": {"action_time": "2026-02-10T23:21:17.938Z", "user": ["AnreX"], "content_type": ["shop", "product"], "object_id": "9", "object_repr": "хвост на резинке", "action_flag": 2, "change_message": "[{\"changed\": {\"fields\": [\"\\u0425\\u0438\\u0442 \\u043f\\u0440\\u043e\\u0434\\u0430\\u0436\"]}}]"}}, {"model": "admin.logentry", "pk": 74, "fields": {"action_time": "2026-02-10T23:21:18.123Z", "user": ["AnreX"], "content_type": ["shop", "product"], "object_id": "8", "object_repr": "Резинка с ажурными косами", "action_flag": 2, "change_message": "[{\"changed\": {\"fields\": [\"\\u0425\\u0438\\u0442 \\u043f\\u0440\\u043e\\u0434\\u0430\\u0436\"]}}]"}}, {"model": "admin.logentry", "pk": 75, "fields": {"action_time": "2026-02-10T23:21:18.323Z", "user": ["AnreX"], "content_type": ["shop", "product"], "object_id": "6", "object_repr": "косы на заколках", "action_flag": 2, "change_message": "[{\"changed\": {\"fields\": [\"\\u0425\\u0438\\u0442 \\u043f\\u0440\\u043e\\u0434\\u0430\\u0436\"]}}]"}}, {"model": "admin.logentry", "pk": 76, "fields": {"action_time": "2026-02-10T23:21:18.516Z", "user": ["AnreX"], "content_type": ["shop", "product"], "object_id": "4", "object_repr": "Афрорезинка", "action_flag": 2, "change_message": "[{\"changed\": {\"fields\": [\"\\u0425\\u0438\\u0442 \\u043f\\u0440\\u043e\\u0434\\u0430\\u0436\"]}}]"}}, {"model": "admin.logentry", "pk": 77, "fields": {"action_time": "2026-02-10T23:21:18.707Z", "user": ["AnreX"], "content_type": ["shop", "product"], "object_id": "3", "object_repr": "Хвост", "action_flag": 2, "change_message": "[{\"changed\": {\"fields\": [\"\\u0425\\u0438\\u0442 \\u043f\\u0440\\u043e\\u0434\\u0430\\u0436\"]}}]"}}, {"model": "admin.logentry", "pk": 78, "fields": {"action_time": "2026-02-10T23:21:18.901Z", "user": ["AnreX"], "content_type": ["shop", "product"], "object_id": "2", "object_repr": "Волосы для наращивания", "action_flag": 2, "change_message": "[{\"changed\": {\"fields\": [\"\\u0425\\u0438\\u0442 \\u043f\\u0440\\u043e\\u0434\\u0430\\u0436\"]}}]"}}, {"model": "admin.logentry", "pk": 79, "fields": {"action_time": "2026-02-13T03:32:05.206Z", "user": ["AnreX"], "content_type": ["shop", "product"], "object_id": "9", "object_repr": "Хвост на резинке", "action_flag": 2, "change_message": "[{\"changed\": {\"fields\": [\"\\u041d\\u0430\\u0437\\u0432\\u0430\\u043d\\u0438\\u0435\"]}}]"}}, {"model": "admin.logentry", "pk": 80, "fields": {"action_time": "2026-02-13T03:32:42.265Z", "user": ["AnreX"], "content_type": ["shop", "product"], "object_id": "6", "object_repr": "Косы на заколках", "action_flag": 2, "change_message": "[{\"changed\": {\"fields\": [\"\\u041d\\u0430\\u0437\\u0432\\u0430\\u043d\\u0438\\u0435\"]}}]"}}, {"model": "admin.logentry", "pk": 81, "fields": {"action_time": "2026-02-13T03:57:02.350Z", "user": ["AnreX"], "content_type": ["shop", "category"], "object_id": "10", "object_repr": "Шиньоны", "action_flag": 2, "change_message": "[{\"changed\": {\"fields\": [\"\\u041e\\u043f\\u0438\\u0441\\u0430\\u043d\\u0438\\u0435\"]}}]"}}, {"model": "admin.logentry", "pk": 82, "fields": {"action_time": "2026-02-13T04:07:50.512Z", "user": ["AnreX"], "content_type": ["shop", "category"], "object_id": "10", "object_repr": "Шиньоны", "action_flag": 2, "change_message": "[{\"changed\": {\"fields\": [\"\\u0418\\u0437\\u043e\\u0431\\u0440\\u0430\\u0436\\u0435\\u043d\\u0438\\u0435\"]}}]"}}, {"model": "admin.logentry", "pk": 83, "fields": {"action_time": "2026-02-13T04:08:08.632Z", "user": ["AnreX"], "content_type": ["shop", "category"], "object_id": "4", "object_repr": "Волосы для наращивания", "action_flag": 2, "change_message": "[{\"changed\": {\"fields\": [\"\\u0418\\u0437\\u043e\\u0431\\u0440\\u0430\\u0436\\u0435\\u043d\\u0438\\u0435\"]}}]"}}, {"model": "admin.logentry", "pk": 84, "fields": {"action_time": "2026-02-14T08:05:07.924Z", "user": ["AnreX"], "content_type": ["shop", "product"], "object_id": "12", "object_repr": "Ободок", "action_flag": 2, "change_message": "[{\"changed\": {\"fields\": [\"\\u0420\\u0435\\u0439\\u0442\\u0438\\u043d\\u0433\"]}}]"}}, {"model": "admin.logentry", "pk": 85, "fields": {"action_time": "2026-02-14T08:05:36.604Z", "user": ["AnreX"], "content_type": ["shop", "product"], "object_id": "8", "object_repr": "Резинка с ажурными косами", "action_flag": 2, "change_message": "[{\"changed\": {\"fields\": [\"\\u0420\\u0435\\u0439\\u0442\\u0438\\u043d\\u0433\"]}}]"}}, {"model": "admin.logentry", "pk": 86, "fields": {"action_time": "2026-02-14T08:06:01.180Z", "user": ["AnreX"], "content_type": ["shop", "product"], "object_id": "11", "object_repr": "Ободок с хвостиками", "action_flag": 2, "change_message": "[{\"changed\": {\"fields\": [\"\\u0420\\u0435\\u0439\\u0442\\u0438\\u043d\\u0433\"]}}]"}}, {"model": "admin.logentry", "pk": 87, "fields": {"action_time": "2026-02-15T03:06:50.093Z", "user": ["AnreX"], "content_type": ["shop", "product"], "object_id": "10", "object_repr": "Хвост-коса на резинке", "action_flag": 2, "change_message": "[{\"changed\": {\"fields\": [\"\\u0420\\u0435\\u0439\\u0442\\u0438\\u043d\\u0433\"]}}]"}}, {"model": "admin.logentry", "pk": 88, "fields": {"action_time": "2026-02-15T08:38:05.414Z", "user": ["AnreX"], "content_type": ["shop", "siteassets"], "object_id": "2", "object_repr": "SiteAssets object (2)", "action_flag": 2, "change_message": "[{\"changed\": {\"fields\": [\"\\u041e\\u043f\\u0438\\u0441\\u0430\\u043d\\u0438\\u0435\"]}}]"}}, {"model": "admin.logentry", "pk": 89, "fields": {"action_time": "2026-02-15T08:40:15.453Z", "user": ["AnreX"], "content_type": ["shop", "siteassets"], "object_id": "2", "object_repr": "SiteAssets object (2)", "action_flag": 2, "change_message": "[]"}}, {"model": "admin.logentry", "pk": 90, "fields": {"action_time": "2026-02-22T09:08:46.349Z", "user": ["AnreX"], "content_type": ["shop", "product"], "object_id": "12", "object_repr": "Ободок", "action_flag": 2, "change_message": "[{\"changed\": {\"fields\": [\"URL\", \"\\u041e\\u0442\\u0442\\u0435\\u043d\\u043e\\u043a\"]}}]"}}, {"model": "admin.logentry", "pk": 91, "fields": {"action_time": "2026-02-22T09:12:12.523Z", "user": ["AnreX"], "content_type": ["shop", "product"], "object_id": "5", "object_repr": "Хвост-коса на резинке французская", "action_flag": 2, "change_message": "[{\"changed\": {\"fields\": [\"URL\", \"\\u041e\\u0442\\u0442\\u0435\\u043d\\u043e\\u043a\"]}}]"}}, {"model": "admin.logentry", "pk": 92, "fields": {"action_time": "2026-02-22T09:13:15.868Z", "user": ["AnreX"], "content_type": ["shop", "product"], "object_id": "10", "object_repr": "Хвост-коса на резинке", "action_flag": 2, "change_message": "[{\"changed\": {\"fields\": [\"URL\"]}}]"}}, {"model": "admin.logentry", "pk": 93, "fields": {"action_time": "2026-02-22T09:14:14.465Z", "user": ["AnreX"], "content_type": ["shop", "product"], "object_id": "11", "object_repr": "Ободок с хвостиками", "action_flag": 2, "change_message": "[{\"changed\": {\"fields\": [\"URL\"]}}]"}}, {"model": "admin.logentry", "pk": 94, "fields": {"action_time": "2026-02-22T09:14:57.496Z", "user": ["AnreX"], "content_type": ["shop", "product"], "object_id": "8", "object_repr": "Резинка с ажурными косами", "action_flag": 2, "change_message": "[{\"changed\": {\"fields\": [\"URL\"]}}]"}}, {"model": "admin.logentry", "pk": 95, "fields": {"action_time": "2026-02-22T09:28:04.056Z", "user": ["AnreX"], "content_type": ["shop", "product"], "object_id": "9", "object_repr": "Хвост на резинке", "action_flag": 2, "change_message": "[{\"changed\": {\"fields\": [\"URL\"]}}]"}}, {"model": "admin.logentry", "pk": 96, "fields": {"action_time": "2026-02-22T09:28:47.923Z", "user": ["AnreX"], "content_type": ["shop", "product"], "object_id": "7", "object_repr": "Ободок с хвостиками", "action_flag": 2, "change_message": "[{\"changed\": {\"fields\": [\"URL\"]}}]"}}, {"model": "admin.logentry", "pk": 97, "fields": {"action_time": "2026-02-22T09:29:23.774Z", "user": ["AnreX"], "content_type": ["shop", "product"], "object_id": "6", "object_repr": "Косы на заколках", "action_flag": 2, "change_message": "[{\"changed\": {\"fields\": [\"URL\"]}}]"}}, {"model": "admin.logentry", "pk": 98, "fields": {"action_time": "2026-02-22T09:29:57.771Z", "user": ["AnreX"], "content_type": ["shop", "product"], "object_id": "5", "object_repr": "Хвост-коса на резинке французская", "action_flag": 2, "change_message": "[{\"changed\": {\"fields\": [\"URL\"]}}]"}}, {"model": "admin.logentry", "pk": 99, "fields": {"action_time": "2026-02-22T09:30:28.733Z", "user": ["AnreX"], "content_type": ["shop", "product"], "object_id": "4", "object_repr": "Афрорезинка", "action_flag": 2, "change_message": "[{\"changed\": {\"fields\": [\"URL\"]}}]"}}, {"model": "admin.logentry", "pk": 100, "fields": {"action_time": "2026-02-22T09:31:16.739Z", "user": ["AnreX"], "content_type": ["shop", "product"], "object_id": "3", "object_repr": "Хвост", "action_flag": 2, "change_message": "[{\"changed\": {\"fields\": [\"URL\"]}}]"}}, {"model": "admin.logentry", "pk": 101, "fields": {"action_time": "2026-02-22T09:31:55.330Z", "user": ["AnreX"], "content_type": ["shop", "product"], "object_id": "2", "object_repr": "Волосы для наращивания", "action_flag": 2, "change_message": "[{\"changed\": {\"fields\": [\"URL\"]}}]"}}, {"model": "admin.logentry", "pk": 102, "fields": {"action_time": "2026-02-22T09:32:26.381Z", "user": ["AnreX"], "content_type": ["shop", "product"], "object_id": "6", "object_repr": "Косы на заколках", "action_flag": 2, "change_message": "[{\"changed\": {\"fields\": [\"\\u0420\\u0435\\u0439\\u0442\\u0438\\u043d\\u0433\"]}}]"}}, {"model": "admin.logentry", "pk": 103, "fields": {"action_time": "2026-02-22T09:50:18.510Z", "user": ["AnreX"], "content_type": ["shop", "product"], "object_id": "13", "object_repr": "Волосы для наращивания", "action_flag": 1, "change_message": "[{\"added\": {}}]"}}, {"model": "admin.logentry", "pk": 104, "fields": {"action_time": "2026-02-27T10:39:53.446Z", "user": ["AnreX"], "content_type": ["shop", "product"], "object_id": "13", "object_repr": "Волосы для наращивания", "action_flag": 2, "change_message": "[{\"added\": {\"name\": \"\\u0418\\u0437\\u043e\\u0431\\u0440\\u0430\\u0436\\u0435\\u043d\\u0438\\u0435 \\u0442\\u043e\\u0432\\u0430\\u0440\\u0430\", \"object\": \"\\u0418\\u0437\\u043e\\u0431\\u0440\\u0430\\u0436\\u0435\\u043d\\u0438\\u0435 \\u0434\\u043b\\u044f \\u0412\\u043e\\u043b\\u043e\\u0441\\u044b \\u0434\\u043b\\u044f \\u043d\\u0430\\u0440\\u0430\\u0449\\u0438\\u0432\\u0430\\u043d\\u0438\\u044f\"}}, {\"added\": {\"name\": \"\\u0418\\u0437\\u043e\\u0431\\u0440\\u0430\\u0436\\u0435\\u043d\\u0438\\u0435 \\u0442\\u043e\\u0432\\u0430\\u0440\\u0430\", \"object\": \"\\u0418\\u0437\\u043e\\u0431\\u0440\\u0430\\u0436\\u0435\\u043d\\u0438\\u0435 \\u0434\\u043b\\u044f \\u0412\\u043e\\u043b\\u043e\\u0441\\u044b \\u0434\\u043b\\u044f \\u043d\\u0430\\u0440\\u0430\\u0449\\u0438\\u0432\\u0430\\u043d\\u0438\\u044f\"}}, {\"added\": {\"name\": \"\\u0418\\u0437\\u043e\\u0431\\u0440\\u0430\\u0436\\u0435\\u043d\\u0438\\u0435 \\u0442\\u043e\\u0432\\u0430\\u0440\\u0430\", \"object\": \"\\u0418\\u0437\\u043e\\u0431\\u0440\\u0430\\u0436\\u0435\\u043d\\u0438\\u0435 \\u0434\\u043b\\u044f \\u0412\\u043e\\u043b\\u043e\\u0441\\u044b \\u0434\\u043b\\u044f \\u043d\\u0430\\u0440\\u0430\\u0449\\u0438\\u0432\\u0430\\u043d\\u0438\\u044f\"}}, {\"added\": {\"name\": \"\\u0418\\u0437\\u043e\\u0431\\u0440\\u0430\\u0436\\u0435\\u043d\\u0438\\u0435 \\u0442\\u043e\\u0432\\u0430\\u0440\\u0430\", \"object\": \"\\u0418\\u0437\\u043e\\u0431\\u0440\\u0430\\u0436\\u0435\\u043d\\u0438\\u0435 \\u0434\\u043b\\u044f \\u0412\\u043e\\u043b\\u043e\\u0441\\u044b \\u0434\\u043b\\u044f \\u043d\\u0430\\u0440\\u0430\\u0449\\u0438\\u0432\\u0430\\u043d\\u0438\\u044f\"}}, {\"added\": {\"name\": \"\\u0418\\u0437\\u043e\\u0431\\u0440\\u0430\\u0436\\u0435\\u043d\\u0438\\u0435 \\u0442\\u043e\\u0432\\u0430\\u0440\\u0430\", \"object\": \"\\u0418\\u0437\\u043e\\u0431\\u0440\\u0430\\u0436\\u0435\\u043d\\u0438\\u0435 \\u0434\\u043b\\u044f \\u0412\\u043e\\u043b\\u043e\\u0441\\u044b \\u0434\\u043b\\u044f \\u043d\\u0430\\u0440\\u0430\\u0449\\u0438\\u0432\\u0430\\u043d\\u0438\\u044f\"}}]"}}, {"model": "admin.logentry", "pk": 105, "fields": {"action_time": "2026-02-28T07:59:28.133Z", "user": ["AnreX"], "content_type": ["shop", "product"], "object_id": "12", "object_repr": "Ободок", "action_flag": 2, "change_message": "[{\"added\": {\"name\": \"\\u0418\\u0437\\u043e\\u0431\\u0440\\u0430\\u0436\\u0435\\u043d\\u0438\\u0435 \\u0442\\u043e\\u0432\\u0430\\u0440\\u0430\", \"object\": \"\\u0418\\u0437\\u043e\\u0431\\u0440\\u0430\\u0436\\u0435\\u043d\\u0438\\u0435 \\u0434\\u043b\\u044f \\u041e\\u0431\\u043e\\u0434\\u043e\\u043a\"}}, {\"added\": {\"name\": \"\\u0418\\u0437\\u043e\\u0431\\u0440\\u0430\\u0436\\u0435\\u043d\\u0438\\u0435 \\u0442\\u043e\\u0432\\u0430\\u0440\\u0430\", \"object\": \"\\u0418\\u0437\\u043e\\u0431\\u0440\\u0430\\u0436\\u0435\\u043d\\u0438\\u0435 \\u0434\\u043b\\u044f \\u041e\\u0431\\u043e\\u0434\\u043e\\u043a\"}}, {\"added\": {\"name\": \"\\u0418\\u0437\\u043e\\u0431\\u0440\\u0430\\u0436\\u0435\\u043d\\u0438\\u0435 \\u0442\\u043e\\u0432\\u0430\\u0440\\u0430\", \"object\": \"\\u0418\\u0437\\u043e\\u0431\\u0440\\u0430\\u0436\\u0435\\u043d\\u0438\\u0435 \\u0434\\u043b\\u044f \\u041e\\u0431\\u043e\\u0434\\u043e\\u043a\"}}, {\"added\": {\"name\": \"\\u0418\\u0437\\u043e\\u0431\\u0440\\u0430\\u0436\\u0435\\u043d\\u0438\\u0435 \\u0442\\u043e\\u0432\\u0430\\u0440\\u0430\", \"object\": \"\\u0418\\u0437\\u043e\\u0431\\u0440\\u0430\\u0436\\u0435\\u043d\\u0438\\u0435 \\u0434\\u043b\\u044f \\u041e\\u0431\\u043e\\u0434\\u043e\\u043a\"}}]"}}, {"model": "admin.logentry", "pk": 106, "fields": {"action_time": "2026-02-28T08:00:00.491Z", "user": ["AnreX"], "content_type": ["shop", "product"], "object_id": "11", "object_repr": "Ободок с хвостиками", "action_flag": 2, "change_message": "[{\"added\": {\"name\": \"\\u0418\\u0437\\u043e\\u0431\\u0440\\u0430\\u0436\\u0435\\u043d\\u0438\\u0435 \\u0442\\u043e\\u0432\\u0430\\u0440\\u0430\", \"object\": \"\\u0418\\u0437\\u043e\\u0431\\u0440\\u0430\\u0436\\u0435\\u043d\\u0438\\u0435 \\u0434\\u043b\\u044f \\u041e\\u0431\\u043e\\u0434\\u043e\\u043a \\u0441 \\u0445\\u0432\\u043e\\u0441\\u0442\\u0438\\u043a\\u0430\\u043c\\u0438\"}}]"}}, {"model": "admin.logentry", "pk": 107, "fields": {"action_time": "2026-02-28T08:01:58.773Z", "user": ["AnreX"], "content_type": ["shop", "product"], "object_id": "10", "object_repr": "Хвост-коса на резинке", "action_flag": 2, "change_message": "[{\"added\": {\"name\": \"\\u0418\\u0437\\u043e\\u0431\\u0440\\u0430\\u0436\\u0435\\u043d\\u0438\\u0435 \\u0442\\u043e\\u0432\\u0430\\u0440\\u0430\", \"object\": \"\\u0418\\u0437\\u043e\\u0431\\u0440\\u0430\\u0436\\u0435\\u043d\\u0438\\u0435 \\u0434\\u043b\\u044f \\u0425\\u0432\\u043e\\u0441\\u0442-\\u043a\\u043e\\u0441\\u0430 \\u043d\\u0430 \\u0440\\u0435\\u0437\\u0438\\u043d\\u043a\\u0435\"}}, {\"added\": {\"name\": \"\\u0418\\u0437\\u043e\\u0431\\u0440\\u0430\\u0436\\u0435\\u043d\\u0438\\u0435 \\u0442\\u043e\\u0432\\u0430\\u0440\\u0430\", \"object\": \"\\u0418\\u0437\\u043e\\u0431\\u0440\\u0430\\u0436\\u0435\\u043d\\u0438\\u0435 \\u0434\\u043b\\u044f \\u0425\\u0432\\u043e\\u0441\\u0442-\\u043a\\u043e\\u0441\\u0430 \\u043d\\u0430 \\u0440\\u0435\\u0437\\u0438\\u043d\\u043a\\u0435\"}}, {\"added\": {\"name\": \"\\u0418\\u0437\\u043e\\u0431\\u0440\\u0430\\u0436\\u0435\\u043d\\u0438\\u0435 \\u0442\\u043e\\u0432\\u0430\\u0440\\u0430\", \"object\": \"\\u0418\\u0437\\u043e\\u0431\\u0440\\u0430\\u0436\\u0435\\u043d\\u0438\\u0435 \\u0434\\u043b\\u044f \\u0425\\u0432\\u043e\\u0441\\u0442-\\u043a\\u043e\\u0441\\u0430 \\u043d\\u0430 \\u0440\\u0435\\u0437\\u0438\\u043d\\u043a\\u0435\"}}, {\"added\": {\"name\": \"\\u0418\\u0437\\u043e\\u0431\\u0440\\u0430\\u0436\\u0435\\u043d\\u0438\\u0435 \\u0442\\u043e\\u0432\\u0430\\u0440\\u0430\", \"object\": \"\\u0418\\u0437\\u043e\\u0431\\u0440\\u0430\\u0436\\u0435\\u043d\\u0438\\u0435 \\u0434\\u043b\\u044f \\u0425\\u0432\\u043e\\u0441\\u0442-\\u043a\\u043e\\u0441\\u0430 \\u043d\\u0430 \\u0440\\u0435\\u0437\\u0438\\u043d\\u043a\\u0435\"}}, {\"added\": {\"name\": \"\\u0418\\u0437\\u043e\\u0431\\u0440\\u0430\\u0436\\u0435\\u043d\\u0438\\u0435 \\u0442\\u043e\\u0432\\u0430\\u0440\\u0430\", \"object\": \"\\u0418\\u0437\\u043e\\u0431\\u0440\\u0430\\u0436\\u0435\\u043d\\u0438\\u0435 \\u0434\\u043b\\u044f \\u0425\\u0432\\u043e\\u0441\\u0442-\\u043a\\u043e\\u0441\\u0430 \\u043d\\u0430 \\u0440\\u0435\\u0437\\u0438\\u043d\\u043a\\u0435\"}}, {\"added\": {\"name\": \"\\u0418\\u0437\\u043e\\u0431\\u0440\\u0430\\u0436\\u0435\\u043d\\u0438\\u0435 \\u0442\\u043e\\u0432\\u0430\\u0440\\u0430\", \"object\": \"\\u0418\\u0437\\u043e\\u0431\\u0440\\u0430\\u0436\\u0435\\u043d\\u0438\\u0435 \\u0434\\u043b\\u044f \\u0425\\u0432\\u043e\\u0441\\u0442-\\u043a\\u043e\\u0441\\u0430 \\u043d\\u0430 \\u0440\\u0435\\u0437\\u0438\\u043d\\u043a\\u0435\"}}, {\"added\": {\"name\": \"\\u0418\\u0437\\u043e\\u0431\\u0440\\u0430\\u0436\\u0435\\u043d\\u0438\\u0435 \\u0442\\u043e\\u0432\\u0430\\u0440\\u0430\", \"object\": \"\\u0418\\u0437\\u043e\\u0431\\u0440\\u0430\\u0436\\u0435\\u043d\\u0438\\u0435 \\u0434\\u043b\\u044f \\u0425\\u0432\\u043e\\u0441\\u0442-\\u043a\\u043e\\u0441\\u0430 \\u043d\\u0430 \\u0440\\u0435\\u0437\\u0438\\u043d\\u043a\\u0435\"}}, {\"added\": {\"name\": \"\\u0418\\u0437\\u043e\\u0431\\u0440\\u0430\\u0436\\u0435\\u043d\\u0438\\u0435 \\u0442\\u043e\\u0432\\u0430\\u0440\\u0430\", \"object\": \"\\u0418\\u0437\\u043e\\u0431\\u0440\\u0430\\u0436\\u0435\\u043d\\u0438\\u0435 \\u0434\\u043b\\u044f \\u0425\\u0432\\u043e\\u0441\\u0442-\\u043a\\u043e\\u0441\\u0430 \\u043d\\u0430 \\u0440\\u0435\\u0437\\u0438\\u043d\\u043a\\u0435\"}}]"}}, {"model": "admin.logentry", "pk": 108, "fields": {"action_time": "2026-03-02T16:11:19.308Z", "user": ["AnreX"], "content_type": ["shop", "cart"], "object_id": "4", "object_repr": "Корзина Дима", "action_flag": 3, "change_message": ""}}, {"model": "admin.logentry", "pk": 109, "fields": {"action_time": "2026-03-02T16:11:19.308Z", "user": ["AnreX"], "content_type": ["shop", "cart"], "object_id": "3", "object_repr": "Корзина Anna2", "action_flag": 3, "change_message": ""}}, {"model": "admin.logentry", "pk": 110, "fields": {"action_time": "2026-03-02T16:11:19.308Z", "user": ["AnreX"], "content_type": ["shop", "cart"], "object_id": "1", "object_repr": "Корзина Таня", "action_flag": 3, "change_message": ""}}, {"model": "admin.logentry", "pk": 111, "fields": {"action_time": "2026-03-02T16:11:36.098Z", "user": ["AnreX"], "content_type": ["shop", "cart"], "object_id": "2", "object_repr": "Корзина Anna", "action_flag": 3, "change_message": ""}}, {"model": "admin.logentry", "pk": 112, "fields": {"action_time": "2026-03-02T16:11:36.563Z", "user": ["AnreX"], "content_type": ["shop", "cart"], "object_id": "2", "object_repr": "Корзина Anna", "action_flag": 3, "change_message": ""}}, {"model": "admin.logentry", "pk": 113, "fields": {"action_time": "2026-03-02T16:12:10.431Z", "user": ["AnreX"], "content_type": ["users", "user"], "object_id": "7", "object_repr": "Дима", "action_flag": 3, "change_message": ""}}, {"model": "admin.logentry", "pk": 114, "fields": {"action_time": "2026-03-02T16:12:10.432Z", "user": ["AnreX"], "content_type": ["users", "user"], "object_id": "6", "object_repr": "Anna2", "action_flag": 3, "change_message": ""}}, {"model": "admin.logentry", "pk": 115, "fields": {"action_time": "2026-03-02T16:12:10.432Z", "user": ["AnreX"], "content_type": ["users", "user"], "object_id": "5", "object_repr": "Anna", "action_flag": 3, "change_message": ""}}, {"model": "admin.logentry", "pk": 116, "fields": {"action_time": "2026-03-02T16:12:10.432Z", "user": ["AnreX"], "content_type": ["users", "user"], "object_id": "4", "object_repr": "Таня", "action_flag": 3, "change_message": ""}}, {"model": "admin.logentry", "pk": 117, "fields": {"action_time": "2026-03-02T16:12:10.432Z", "user": ["AnreX"], "content_type": ["users", "user"], "object_id": "3", "object_repr": "han2201@bk.ru", "action_flag": 3, "change_message": ""}}, {"model": "admin.logentry", "pk": 118, "fields": {"action_time": "2026-03-02T16:12:10.432Z", "user": ["AnreX"], "content_type": ["users", "user"], "object_id": "2", "object_repr": "Tanya", "action_flag": 3, "change_message": ""}}, {"model": "admin.logentry", "pk": 119, "fields": {"action_time": "2026-03-02T23:57:45.926Z", "user": ["AnreX"], "content_type": ["shop", "favorite"], "object_id": "1", "object_repr": "AnreX - Ободок", "action_flag": 1, "change_message": "[{\"added\": {}}]"}}, {"model": "admin.logentry", "pk": 120, "fields": {"action_time": "2026-03-03T00:15:12.213Z", "user": ["AnreX"], "content_type": ["shop", "favorite"], "object_id": "2", "object_repr": "AnreX - Хвост-коса на резинке", "action_flag": 1, "change_message": "[{\"added\": {}}]"}}]
